quarter,headline_inflation,core_inflation,gdp_growth,output_gap,unemployment,policy_rate,expected_inflation,financial_conditions,credit_growth,energy_inflation,real_policy_rate
1990-03-31,,,,1.63805055,5.3,8.25,3.96666667,0.05776923,,,4.28333333
1990-06-30,3.50130835,3.96329729,1.44925153,1.30943224,5.33333333,8.24333333,3.6,0.00561538,2.07020659,-80.72078398,4.64333333
1990-09-30,6.08592191,4.06222065,0.26623809,0.6984277,5.7,8.16,4.23333333,0.08992308,3.74061093,153.76275142,3.92666667
1990-12-31,3.16285315,2.39419829,-3.65829626,-0.87217002,6.13333333,7.74333333,4.73333333,0.46761538,-1.09011261,82.0172264,3.01
1991-03-31,1.80737992,3.92646764,-1.87615566,-1.97259366,6.6,6.42666667,3.53333333,0.18407692,0.06000808,-151.37149053,2.89333333
1991-06-30,3.05263012,3.25461282,3.10666076,-1.83417388,6.83333333,5.86333333,3.2,-0.23207692,-1.1681119,-22.73208618,2.66333333
1991-09-30,2.93297178,3.90769421,2.01634414,-1.95860382,6.86666667,5.64333333,3.1,-0.47253846,-2.54173278,16.69273654,2.54333333
1991-12-31,2.62396989,2.61139219,1.39175534,-2.24257641,7.1,4.81666667,2.93333333,-0.61007692,-1.43115407,2.84783,1.88333333
1992-03-31,2.52427094,3.17011099,4.76056737,-1.70736589,7.36666667,4.02333333,2.63333333,-0.66061538,0.70768874,-56.8135535,1.39
1992-06-30,2.31895726,2.18245849,4.31386744,-1.28593047,7.6,3.77,3.0,-0.81561538,-1.08512624,46.54110275,0.77
1992-09-30,2.50654219,2.52300279,3.9330412,-0.96772122,7.63333333,3.25666667,2.83333333,-0.9,1.46360619,7.87763858,0.42333333
1992-12-31,2.89627426,3.15146431,4.14982149,-0.60220644,7.36666667,3.03666667,2.83333333,-0.74738462,2.94826719,-22.60223527,0.20333333
1993-03-31,2.39248171,2.79819687,0.6672181,-1.11511301,7.13333333,3.04,3.06666667,-0.95169231,3.72281558,-13.86177731,-0.02666667
1993-06-30,2.43368366,2.89361802,2.32193151,-1.22311167,7.06666667,3.0,3.13333333,-0.99092308,4.96163569,-0.69212861,-0.13333333
1993-09-30,1.73895952,2.17609699,1.90408019,-1.43874444,6.8,3.06,3.06666667,-1.07507692,8.0709399,-41.30368885,-0.00666667
1993-12-31,2.10365872,1.86525262,5.40392921,-0.79703522,6.63333333,2.99,3.03333333,-0.974,11.74474888,-28.95658788,-0.04333333
1994-03-31,2.15938906,2.54094082,3.86274081,-0.54217614,6.56666667,3.21333333,2.86666667,-0.93733333,11.69477387,-44.7595913,0.34666667
1994-06-30,2.0270978,2.37716611,5.38432863,0.09399614,6.2,3.94,2.93333333,-0.72530769,14.49102307,80.14519261,1.00666667
1994-09-30,2.62296022,1.89278986,2.33152996,-0.03794608,6.0,4.48666667,3.13333333,-0.76028571,14.0999835,9.35750004,1.35333333
1994-12-31,1.6933585,1.80775351,4.55623275,0.38119562,5.63333333,5.16666667,3.06666667,-0.52653846,16.34303247,-19.46426345,2.1
1995-03-31,2.25661319,2.62659633,1.41661058,0.01077884,5.46666667,5.81,3.06666667,-0.56553846,14.3123229,17.68483265,2.74333333
1995-06-30,2.0549765,1.95579546,1.19151499,-0.41945299,5.66666667,6.02,3.06666667,-0.68284615,13.59927459,18.69497313,2.95333333
1995-09-30,1.63876673,2.11332141,3.3885089,-0.30276719,5.66666667,5.79666667,2.86666667,-0.69407692,13.69064922,-31.46664439,2.93
1995-12-31,1.79023741,1.79274584,2.7071467,-0.36882884,5.56666667,5.72,2.8,-0.73184615,12.1509147,6.31192175,2.92
1996-03-31,2.72568485,1.89888254,2.98503469,-0.37585304,5.53333333,5.36333333,2.83333333,-0.78207692,10.70450217,36.40232187,2.53
1996-06-30,1.88019903,1.54333703,6.61674672,0.4879093,5.5,5.24333333,3.0,-0.70146154,9.86826991,34.93954426,2.24333333
1996-09-30,2.35515508,2.30672322,3.57213717,0.54456877,5.26666667,5.30666667,3.1,-0.72546154,8.01989495,13.34985656,2.20666667
1996-12-31,2.38142053,1.6242761,4.13206202,0.6999738,5.33333333,5.28,3.0,-0.75430769,9.09071424,37.49409912,2.28
1997-03-31,1.77538307,2.20027497,2.57347654,0.42602638,5.23333333,5.27666667,2.93333333,-0.71146154,3.40304578,-29.2766027,2.34333333
1997-06-30,0.72273578,1.66459763,6.6060204,1.13971481,5.0,5.52333333,2.9,-0.63846154,5.87749697,-57.32754027,2.62333333
1997-09-30,1.52087122,0.94094764,4.96335453,1.40990227,4.86666667,5.53333333,2.73333333,-0.64523077,5.8121347,-1.38998354,2.8
1997-12-31,0.45853063,0.9609314,3.40094202,1.26285846,4.66666667,5.50666667,2.83333333,-0.51330769,7.0432608,0.51610917,2.67333333
1998-03-31,0.05091542,1.3790348,3.99499595,1.24742763,4.63333333,5.52,2.4,-0.604,2.45212199,-88.08925331,3.12
1998-06-30,0.70648929,0.61874192,3.68571859,1.13497899,4.4,5.5,2.56666667,-0.58461538,12.12984804,-32.83872793,2.93333333
1998-09-30,1.30794609,1.83951417,5.00432603,1.34878519,4.53333333,5.53333333,2.43333333,-0.37807692,6.74009304,-11.86348788,3.1
1998-12-31,1.298073,1.54108958,6.385545,1.90339022,4.43333333,4.86,2.43333333,-0.07215385,6.72955626,-33.97946903,2.42666667
1999-03-31,0.63905837,0.55246739,3.74019405,1.77423846,4.3,4.73333333,2.63333333,-0.30969231,8.32444471,-5.52280279,2.1
1999-06-30,2.31224202,1.62017528,3.32511274,1.54156381,4.26666667,4.74666667,2.66666667,-0.39823077,7.76396141,127.87044373,2.08
1999-09-30,3.22258092,1.97134354,5.26868131,1.80652757,4.23333333,5.09333333,2.73333333,-0.18746154,8.49261699,84.62759259,2.36
1999-12-31,1.96184178,1.57334708,6.50941427,2.3877959,4.06666667,5.30666667,2.93333333,-0.13607143,5.27176895,54.15793195,2.37333333
2000-03-31,4.05833875,2.36725283,1.4485476,1.68194448,4.03333333,5.67666667,3.03333333,-0.17269231,7.84999787,59.4341584,2.64333333
2000-06-30,1.35271997,0.99650471,7.21960414,2.48193921,3.93333333,6.27333333,3.03333333,-0.00576923,12.13524018,-1.18050043,3.24
2000-09-30,2.69179292,2.39536049,0.40752268,1.59013988,4.0,6.52,2.86666667,-0.15261538,14.50868436,38.33638172,3.65333333
2000-12-31,1.71479133,1.6560753,2.38105431,1.25471632,3.9,6.47333333,2.96666667,-0.12446154,11.33432654,2.2960553,3.50666667
2001-03-31,2.58779457,2.60817692,-1.31334898,0.04306357,4.23333333,5.59333333,2.86666667,-0.23361538,10.02427158,-44.18571964,2.72666667
2001-06-30,2.45994413,1.62282681,2.49024397,-0.15084993,4.4,4.32666667,3.1,-0.38223077,7.16643021,-10.91147369,1.22666667
2001-09-30,-1.54433175,-1.04962143,-1.60577562,-1.29787668,4.83333333,3.49666667,2.7,-0.44069231,4.85430807,-16.18001442,0.79666667
2001-12-31,0.72249173,3.71375571,1.09759452,-1.71559288,5.5,2.13333333,1.06666667,-0.36876923,11.64644092,-106.41739471,1.06666667
2002-03-31,2.11744337,1.46552672,3.33152223,-1.5359128,5.7,1.73333333,2.23333333,-0.46792308,5.70633504,21.52684219,-0.5
2002-06-30,2.43177842,2.19343039,2.44334868,-1.54041655,5.83333333,1.75,2.73333333,-0.58123077,6.80115684,76.83505657,-0.98333333
2002-09-30,2.38578657,2.25329522,1.62274962,-1.72564087,5.73333333,1.74,2.56666667,-0.41123077,4.84202397,29.32895456,-0.82666667
2002-12-31,1.50990729,1.10144218,0.4941149,-2.17436446,5.86666667,1.44333333,2.46666667,-0.41892308,4.37671729,-0.00706096,-1.02333333
2003-03-31,3.89929136,1.46558656,2.10104031,-2.2279955,5.86666667,1.25,2.76666667,-0.52853846,5.8583668,73.62646668,-1.51666667
2003-06-30,-0.70567196,1.24179447,3.52689218,-1.93872537,6.13333333,1.24666667,2.16666667,-0.68784615,6.35739173,-62.73501215,-0.92
2003-09-30,3.77141033,2.00720174,6.59808103,-0.8951039,6.13333333,1.01666667,2.33333333,-0.68692308,4.65927772,15.84835632,-1.31666667
2003-12-31,1.43760351,1.78079635,4.61614682,-0.34921577,5.83333333,0.99666667,2.63333333,-0.70853846,3.92217686,12.70105861,-1.63666667
2004-03-31,3.01134473,2.34378121,2.2602081,-0.40474967,5.7,1.00333333,2.73333333,-0.78669231,6.18288,50.23891964,-1.73
2004-06-30,3.17929109,2.22066155,3.08785997,-0.26253712,5.6,1.01,3.26666667,-0.72307692,3.44888241,33.67848727,-2.25666667
2004-09-30,1.36555608,1.37609972,3.77649195,0.04015978,5.43333333,1.43333333,2.86666667,-0.69415385,5.99971271,53.25016186,-1.43333333
2004-12-31,3.46542051,2.24029269,4.06015653,0.40699016,5.43333333,1.95,2.96666667,-0.70435714,5.89991595,33.77391858,-1.01666667
2005-03-31,2.83150354,3.08513866,4.41302021,0.87480488,5.3,2.47,3.0,-0.69625,5.06810019,15.1539065,-0.53
2005-06-30,1.59436053,1.55806611,1.96566012,0.74416632,5.1,2.94333333,3.23333333,-0.61023077,4.94796609,25.40915751,-0.29
2005-09-30,7.14270034,1.79473918,3.12303268,0.91430869,4.96666667,3.46,3.46666667,-0.59592857,4.21289883,69.96958635,-0.00666667
2005-12-31,-0.19723036,2.58308836,2.21591695,0.867982,4.96666667,3.98,3.66666667,-0.57346154,3.38318121,-20.0231741,0.31333333
2006-03-31,2.94829262,2.64316025,5.34565538,1.62961811,4.73333333,4.45666667,3.0,-0.61415385,16.23230901,20.66376331,1.45666667
2006-06-30,3.91174433,3.22969046,1.0336743,1.31610278,4.63333333,4.90666667,3.53333333,-0.58476923,1.67396027,42.77678442,1.37333333
2006-09-30,1.57195239,1.83457204,0.59937442,0.92175504,4.63333333,5.24666667,3.36666667,-0.58023077,5.14250524,1.16698824,1.88
2006-12-31,0.61200243,1.44937103,3.42311023,1.26813506,4.43333333,5.24666667,3.0,-0.62346154,4.89856317,-65.20721076,2.24666667
2007-03-31,4.03452866,2.88308149,1.20153625,1.05305885,4.5,5.25666667,3.0,-0.65053846,4.48766413,-13.00077981,2.25666667
2007-06-30,2.94625599,1.70408713,2.43959317,1.15143212,4.5,5.25,3.33333333,-0.56292308,5.54620403,44.86744294,1.91666667
2007-09-30,2.41959916,2.28558778,2.29749244,1.21363594,4.66666667,5.07333333,3.23333333,-0.06053846,7.53041892,58.53237125,1.84
2007-12-31,4.2505456,2.62710803,2.5050862,1.33886146,4.8,4.49666667,3.3,0.27392308,6.56541747,74.32581049,1.19666667
2008-03-31,2.94873348,1.96937317,-1.71071024,0.40671649,5.0,3.17666667,3.76666667,0.65476923,5.49984822,30.8885268,-0.59
2008-06-30,5.34351392,1.87769106,2.37465037,0.52721737,5.33333333,2.08666667,5.03333333,0.63523077,2.53291552,93.98976876,-2.94666667
2008-09-30,1.86590296,1.61932492,-2.10656952,-0.4457126,6.0,1.94,4.73333333,0.93553846,-0.75497466,-18.13099424,-2.79333333
2008-12-31,-9.64020978,-0.94077589,-8.8533651,-3.0268313,6.86666667,0.50666667,2.83333333,2.77869231,-2.05240414,-280.41132458,-2.32666667
2009-03-31,0.32223844,0.48202639,-4.56545254,-4.48629221,8.26666667,0.18333333,2.03333333,2.18384615,-3.18401303,-123.22278867,-1.85
2009-06-30,3.35667569,1.70968533,-0.71524289,-4.98483668,9.3,0.18,2.9,1.13561538,-4.81027915,129.48911238,-2.72
2009-09-30,1.84923689,1.63931879,1.40230862,-4.95493464,9.63333333,0.15666667,2.63333333,0.35461538,-2.30353872,53.81645399,-2.47666667
2009-12-31,2.74458159,2.16191233,4.30045415,-4.22262786,9.93333333,0.12,2.7,-0.00907692,-3.36391469,43.35684819,-2.58
2010-03-31,1.42952427,1.53454876,1.93332409,-4.05794856,9.83333333,0.13333333,2.73333333,-0.24223077,-2.90123102,14.51751221,-2.6
2010-06-30,0.17722445,0.83860279,3.85173993,-3.4394135,9.63333333,0.19333333,2.96666667,-0.22123077,-2.87014541,-5.06199037,-2.77333333
2010-09-30,1.28694975,0.61890224,3.07250908,-3.02319922,9.46666667,0.18666667,2.53333333,-0.23784615,0.58372191,-9.1193062,-2.34666667
2010-12-31,2.97372974,1.21276157,2.09494546,-2.85689252,9.5,0.18666667,2.9,-0.436,19.30640692,45.19525453,-2.71333333
2011-03-31,3.91642628,2.15874804,-0.94994669,-3.44253579,9.03333333,0.15666667,3.8,-0.56383333,3.79335291,39.12330428,-3.64333333
2011-06-30,2.82402449,2.30510156,2.69721499,-3.15489669,9.06666667,0.09333333,4.16666667,-0.56092308,3.13984541,39.89397398,-4.07333333
2011-09-30,2.18323794,1.65899965,-0.0892609,-3.54974644,9.0,0.08333333,3.4,-0.24742857,3.986195,-62.78891099,-3.31666667
2011-12-31,1.05724482,1.69999711,4.46715872,-2.8552661,8.63333333,0.07333333,3.16666667,-0.08730769,5.28313392,23.3394456,-3.09333333
2012-03-31,3.02357475,2.43277835,3.34037673,-2.44417234,8.26666667,0.10333333,3.5,-0.35969231,5.09631013,36.44745569,-3.39666667
2012-06-30,-0.12729529,1.41985681,1.78136651,-2.42197273,8.2,0.15333333,3.1,-0.312,5.44851145,-39.55048266,-2.94666667
2012-09-30,2.70267012,1.15718292,0.57569751,-2.6985933,8.03333333,0.14333333,3.3,-0.41961538,5.04798949,-4.8347997,-3.15666667
2012-12-31,0.84637402,1.69316504,0.46229497,-3.00804817,7.8,0.16,3.13333333,-0.55653846,6.5227635,-18.46403604,-2.97333333
2013-03-31,1.65388363,1.60935091,3.92690371,-2.48643036,7.73333333,0.14333333,3.26666667,-0.64369231,6.84041239,27.71973876,-3.12333333
2013-06-30,0.77421674,1.35247338,1.06911531,-2.66444677,7.53333333,0.11666667,3.06666667,-0.68092308,5.06894152,-1.25777548,-2.95
2013-09-30,1.26481329,1.41561562,3.39115862,-2.27948796,7.23333333,0.08333333,3.13333333,-0.65876923,5.94382143,47.29253377,-3.05
2013-12-31,1.82130363,1.76460941,3.4718561,-1.88137604,6.93333333,0.08666667,2.96666667,-0.74392308,5.81546303,-32.86151304,-2.88
2014-03-31,1.66020867,1.2154932,-1.38277126,-2.67846224,6.66666667,0.07333333,3.16666667,-0.77030769,7.7204947,4.87173509,-3.09333333
2014-06-30,1.80555576,1.81007159,5.13427609,-1.88818646,6.2,0.09333333,3.2,-0.77715385,7.44639191,18.49062046,-3.10666667
2014-09-30,0.65753665,1.38136239,4.83225933,-1.17624518,6.06666667,0.09,3.16666667,-0.72346154,6.82045751,-21.78147769,-3.07666667
2014-12-31,-1.20493786,0.98199381,2.01783441,-1.16446693,5.7,0.1,2.83333333,-0.63330769,5.40733098,-115.49046706,-2.73333333
2015-03-31,-0.46155119,0.91739827,3.58581915,-0.77185168,5.53333333,0.11,2.76666667,-0.52253846,6.12126435,-162.88298357,-2.65666667
2015-06-30,2.08920711,1.70466558,2.46997863,-0.65968589,5.43333333,0.12333333,2.7,-0.54238462,7.62496206,68.0919094,-2.57666667
2015-09-30,-0.16000575,1.29432609,1.59778485,-0.76627867,5.1,0.13666667,2.8,-0.46023077,7.247728,-87.51192505,-2.66333333
2015-12-31,-0.08618346,0.82223347,0.73723669,-1.08863991,5.03333333,0.16,2.66666667,-0.43038462,-10.18034725,-41.19805958,-2.50666667
2016-03-31,0.88966823,1.96649173,2.31138661,-1.02385706,4.9,0.36,2.56666667,-0.32238462,8.02622874,-91.61848703,-2.20666667
2016-06-30,2.66126146,2.07885846,1.28243827,-1.21157236,4.93333333,0.37333333,2.6,-0.37169231,6.4029706,123.89388978,-2.22666667
2016-09-30,1.38483622,1.81726304,2.82754368,-1.01190624,4.9,0.39666667,2.53333333,-0.34664286,7.11394595,-5.39246921,-2.13666667
2016-12-31,1.63854237,1.15582488,2.21107411,-0.95958828,4.76666667,0.45,2.33333333,-0.40984615,5.32141027,36.48700993,-1.88333333
2017-03-31,1.86903052,1.60693736,1.94283493,-0.97141892,4.56666667,0.7,2.6,-0.48107692,5.5658409,19.74050883,-1.9
2017-06-30,0.92724112,1.6765627,2.23324441,-0.90889514,4.36666667,0.95,2.56666667,-0.52992308,4.60388169,-28.22912659,-1.61666667
2017-09-30,2.53390534,1.21092925,3.1417261,-0.62197927,4.33333333,1.15333333,2.63333333,-0.56569231,4.77107192,0.64777869,-1.48
2017-12-31,1.67378401,1.76386265,4.48297111,-0.00191609,4.16666667,1.20333333,2.53333333,-0.59838462,5.88527672,54.8699091,-1.33
2018-03-31,2.77942258,2.91339325,3.24047782,0.30409851,4.03333333,1.44666667,2.73333333,-0.55884615,4.77880353,51.79271419,-1.28666667
2018-06-30,1.98474515,1.78266918,2.11768492,0.32189208,3.93333333,1.73666667,2.83333333,-0.54207692,2.7060718,31.53305549,-1.09666667
2018-09-30,1.52215672,1.30539079,2.48704193,0.4305125,3.76666667,1.92333333,2.86666667,-0.57769231,5.61874454,9.41923869,-0.94333333
2018-12-31,1.10375023,2.06890283,0.56617599,0.05183664,3.83333333,2.22,2.8,-0.49938462,4.88980428,-60.09899496,-0.58
2019-03-31,1.43072515,1.25563169,2.48950916,0.14635237,3.86666667,2.40333333,2.6,-0.54607692,4.39217847,-35.86348798,-0.19666667
2019-06-30,1.60733781,1.94368734,3.32671117,0.45133364,3.63333333,2.39666667,2.7,-0.59361538,4.18052368,35.2933213,-0.30333333
2019-09-30,0.96131155,1.20713768,4.65284103,1.09443485,3.6,2.19,2.7,-0.54607692,5.07407312,-24.40209973,-0.51
2019-12-31,2.20727343,1.72530828,2.71825439,1.26733581,3.6,1.64333333,2.43333333,-0.55246154,4.42134522,3.59476335,-0.79
