origin,horizon,actual,persistence,ar1,ar4,core,energy,expectations
2010-01-01,1,2.0942469426920107,2.275630613995368,2.2845889859439232,2.3856174156799015,2.2894369757522908,2.352177995966402,2.325275823386211
2010-01-01,3,2.2564715397619834,2.275630613995368,2.3023341778812814,2.4856860157775693,2.7604255736008523,2.9462359833769725,2.828161886542791
2010-01-01,6,1.6241293977926266,2.275630613995368,2.3285285495669146,2.5559881298334064,2.788949822270502,3.2402874829188817,2.899722599125095
2010-01-01,12,1.5478242497255406,2.275630613995368,2.379428368961377,2.6581080402412796,2.8743367627328187,3.7312836484153014,2.9905060292375922
2010-02-01,1,2.345004613388351,2.0942469426920107,2.1039509296253263,2.021383785661437,2.391862854548163,2.4710025112596616,2.4508357005805967
2010-02-01,3,2.184436086555455,2.0942469426920107,2.1231750666238898,2.000187031708157,2.595333032252235,2.8856938679782167,2.7678162009858296
2010-02-01,6,1.4715150709874274,2.0942469426920107,2.151557472209225,2.0593477545361485,2.2695178194266292,2.909545038127494,2.564671326767103
2010-02-01,12,1.8282165430838417,2.0942469426920107,2.2067261132313063,2.1957441872075205,2.4105755289560413,3.7095772548313617,2.9302714011598017
2010-03-01,1,2.2564715397619834,2.345004613388351,2.353638841992532,2.462265955770433,2.360440744735143,2.383721098114131,2.3654436080194237
2010-03-01,3,1.550141802117649,2.345004613388351,2.3707411600773933,2.569633951874629,2.0574699340264657,2.2756157372725663,2.1544684668533556
2010-03-01,6,1.409570015684824,2.345004613388351,2.3959846060539833,2.6356289480364263,2.206090060299884,2.7301640839032064,2.419931015869318
2010-03-01,12,2.088582555277294,2.345004613388351,2.445029805213779,2.7285154060240937,2.3074946294657455,3.335551236604907,2.672905820839857
2010-04-01,1,2.184436086555455,2.2564715397619834,2.26547218561688,2.2358881787853875,2.364180245879271,2.4761147349486183,2.46853122342886
2010-04-01,3,1.6241293977926266,2.2564715397619834,2.2833011747077063,2.245924755368643,2.0747030331445906,2.399802588349053,2.35287131265314
2010-04-01,6,1.3492760529117458,2.2564715397619834,2.3096193875122535,2.3022056646645974,1.7683649066211264,2.4490295816048344,2.281284674750956
2010-04-01,12,2.457647468863683,2.2564715397619834,2.360760355453707,2.420237854619884,2.0855427035494576,3.3819467504711125,2.9855386672538122
2010-05-01,1,1.550141802117649,2.184436086555455,2.1937239881021133,2.1607262146069597,1.6190058093236097,1.642768482156784,1.6816574549035963
2010-05-01,3,1.4715150709874274,2.184436086555455,2.212122809022909,2.175281167036129,1.6199652490930072,1.811811019338091,1.954751056457254
2010-05-01,6,1.2987267301513439,2.184436086555455,2.239284193759565,2.234948372440561,1.2281284623707056,1.7022706763387216,1.9103695955160795
2010-05-01,12,2.728677786417656,2.184436086555455,2.2920706326858062,2.3583067191283793,1.5574185681828316,2.503726240745173,2.8104228686185593
2010-06-01,1,1.6241293977926266,1.550141802117649,1.561918217867918,1.286368440848304,1.667663508731303,1.7316567979905417,1.7493351106571022
2010-06-01,3,1.409570015684824,1.550141802117649,1.5852553554854225,1.1498258448288092,1.4801169061735888,1.677294450059469,1.707320954501855
2010-06-01,6,1.4668570526033822,1.550141802117649,1.6197283981187942,1.2160760243465607,1.1400177524535522,1.5969412399163871,1.5969222622104793
2010-06-01,12,2.7502825656067436,1.550141802117649,1.6867994726064595,1.4162194278397033,1.5079681124883497,2.3432204991645564,2.2860245269832427
2010-07-01,1,1.4715150709874274,1.6241293977926266,1.6356222499845128,1.6583031314464038,1.437778000300548,1.4906806402274155,1.4941699667193113
2010-07-01,3,1.3492760529117458,1.6241293977926266,1.6583962430724377,1.735160243915764,1.1479152424355938,1.3947893298154694,1.387762831393946
2010-07-01,6,1.5478242497255406,1.6241293977926266,1.6920344410844093,1.8228223547068325,0.9203742181952516,1.484532331535362,1.4216730861078588
2010-07-01,12,2.8351275789952597,1.6241293977926266,1.757470815475974,1.9782549635735094,1.409839801075188,2.4775968687995498,2.2624374794314286
2010-08-01,1,1.409570015684824,1.4715150709874274,1.483495132858672,1.4354681321401825,1.4549810677780186,1.503019472497705,1.5048622747099272
2010-08-01,3,1.2987267301513439,1.4715150709874274,1.507237766129651,1.4496869355071715,1.0481710547171934,1.2564309410321541,1.2413125811576073
2010-08-01,6,1.8282165430838417,1.4715150709874274,1.5423145572430812,1.534748799084387,1.1306890107049767,1.5810480117189998,1.5272136669854508
2010-08-01,12,2.9332852406381624,1.4715150709874274,1.6105769307277042,1.7114620967054357,1.5492467510917038,2.3296488170505176,2.143964378173788
2010-09-01,1,1.3492760529117458,1.409570015684824,1.4217134348768017,1.3950742569146601,1.139012834452323,1.2052161977694453,1.1590513094733326
2010-09-01,3,1.4668570526033822,1.409570015684824,1.4457813904274803,1.431383128591484,1.0275621227472935,1.2735806679238704,1.102896087823057
2010-09-01,6,2.088582555277294,1.409570015684824,1.4813426790266306,1.5210861568714593,0.990783667700097,1.475083843625114,1.1173116956971951
2010-09-01,12,2.974354612639362,1.409570015684824,1.5505614710650046,1.6987663253045993,1.4281199475552264,2.287747534184921,1.5086255630708734
2010-10-01,1,1.2987267301513439,1.3492760529117458,1.3615697414426475,1.342141917403916,1.2804840790392942,1.3218742448987137,1.3109765396337878
2010-10-01,3,1.5478242497255406,1.3492760529117458,1.3859371308231112,1.3819683678543533,1.2991564014863246,1.4493423740581293,1.3990808079601267
2010-10-01,6,2.457647468863683,1.3492760529117458,1.4219447935330254,1.4737840948934247,1.5678429135774146,1.8329887928849524,1.7235879326090917
2010-10-01,12,2.6579926418442144,1.3492760529117458,1.4920462494014188,1.6545038688394227,2.0583798387945316,2.4056955806160607,2.110419996979795
2010-11-01,1,1.4668570526033822,1.2987267301513439,1.311134230537428,1.2946883247073226,1.4169477361128686,1.4587408315121237,1.4732314588390987
2010-11-01,3,1.8282165430838417,1.2987267301513439,1.3357286475423606,1.3373990891307206,1.502081460099015,1.6345907412732588,1.6860140087864257
2010-11-01,6,2.728677786417656,1.2987267301513439,1.3720753367030867,1.4309896845968024,1.7449480547396452,1.9475340345576684,2.0413947237679406
2010-11-01,12,2.66347239578493,1.2987267301513439,1.442849235876652,1.6144337519071414,2.1188625304151456,2.3709489863483304,2.4264677843880995
2010-12-01,1,1.5478242497255406,1.4668570526033822,1.4787198765033103,1.5568793538898125,1.404229655370897,1.4375352204687968,1.4507986181113652
2010-12-01,3,2.088582555277294,1.4668570526033822,1.5022311412827731,1.6610977757225944,1.5925960690453602,1.7194588968086038,1.757359957844535
2010-12-01,6,2.7502825656067436,1.4668570526033822,1.536968525083035,1.7556888993938922,2.0879672673789904,2.2914338116566304,2.348366831204989
2010-12-01,12,2.4952333835051723,1.4668570526033822,1.6045788124561462,1.9150805059314318,2.2731593928249345,2.557060645619482,2.5170888039261725
2011-01-01,1,1.8282165430838417,1.5478242497255406,1.559389099806016,1.6054203970509069,1.800177588627173,1.8271803936838102,1.8659529460289748
2011-01-01,3,2.457647468863683,1.5478242497255406,1.5823084147848474,1.680394402728334,1.9845230369798659,2.0206008624140965,2.158936299260043
2011-01-01,6,2.8351275789952597,1.5478242497255406,1.616167790194597,1.7682501018923713,2.5676926207840136,2.559730531906754,2.820094515909673
2011-01-01,12,2.5368603049969884,1.5478242497255406,1.682057247124625,1.9257973867651548,2.7337720525481966,2.5652903888436693,2.9442921658849794
2011-02-01,1,2.088582555277294,1.8282165430838417,1.8387636884965675,1.9642826771248132,1.8817540190844901,1.8756683981124962,1.9107676224808452
2011-02-01,3,2.728677786417656,1.8282165430838417,1.8596613971625093,2.090927559010823,2.209249375566521,2.1985903389021137,2.3324202538037806
2011-02-01,6,2.9332852406381624,1.8282165430838417,1.8905225987414978,2.1745269108940595,2.7334468807115,2.644004351679769,2.884754570113838
2011-02-01,12,2.482093630425192,1.8282165430838417,1.9505371763577317,2.3009215428151584,2.795601039327144,2.5269374048500914,2.8752530746392333
2011-03-01,1,2.457647468863683,2.088582555277294,2.098080622450389,2.2215501976423986,2.3390131936191554,2.3419590303423488,2.4775264363382274
2011-03-01,3,2.7502825656067436,2.088582555277294,2.116896364950797,2.3363854025080495,2.8611986976903268,2.8029250819582057,3.2784611100056438
2011-03-01,6,2.974354612639362,2.088582555277294,2.1446746971741524,2.408968627695791,3.401050807147439,3.1871044040633705,4.093087014912238
2011-03-01,12,2.2720204986621377,2.088582555277294,2.198665246048371,2.5163007738012277,3.4335348309374325,2.870751031640865,4.492718053080429
2011-04-01,1,2.728677786417656,2.457647468863683,2.4655351734269466,2.631752289528443,2.742825209330756,2.7145813281948916,2.8302193462459146
2011-04-01,3,2.8351275789952597,2.457647468863683,2.481157396837879,2.7697921147989715,3.291123853866294,3.16488273887348,3.583709103432623
2011-04-01,6,2.6579926418442144,2.457647468863683,2.5042127152777915,2.8313489359138617,3.6647917968030885,3.303254431807046,4.121919428105746
2011-04-01,12,1.980114437210341,2.457647468863683,2.5489945165567804,2.9040989263597696,3.75414153619799,2.918777041373985,4.426710068769975
2011-05-01,1,2.7502825656067436,2.728677786417656,2.735291897046328,2.8618703378722428,3.046046864172377,3.0143822928770168,3.0795787783993003
2011-05-01,3,2.9332852406381624,2.728677786417656,2.7483901469669942,2.963954631079824,3.421369274699318,3.302757905424575,3.5338069537281727
2011-05-01,6,2.66347239578493,2.728677786417656,2.7677168408984234,3.0111402777449476,3.7397324626441306,3.42332572993384,3.8772133059182172
2011-05-01,12,1.5646359586656993,2.728677786417656,2.805243263105084,3.0680577466257737,3.701239096329982,3.007253720243483,3.8415629263484266
2011-06-01,1,2.8351275789952597,2.7502825656067436,2.7567814764467657,2.7692356075966496,2.8283268494410496,2.818541598070774,2.8754933486901186
2011-06-01,3,2.974354612639362,2.7502825656067436,2.7696515281936156,2.793380172945566,3.0770652606458264,3.01225292183738,3.2285580683074855
2011-06-01,6,2.4952333835051723,2.7502825656067436,2.788641358466249,2.8308532894343323,3.1010605481567133,2.9687405853742748,3.361713356790111
2011-06-01,12,1.5341905531048219,2.7502825656067436,2.825513161679915,2.901635907773516,2.902103533282481,2.6791538303350584,3.3602891725845923
2011-07-01,1,2.9332852406381624,2.8351275789952597,2.841206425802908,2.875161329563246,2.919542384808463,2.902286417726612,2.9248660791361814
2011-07-01,3,2.6579926418442144,2.8351275789952597,2.8532443126035574,2.9186235365224786,3.026343032474662,2.9318332409678565,3.0124908208771926
2011-07-01,6,2.5368603049969884,2.8351275789952597,2.8710055525578184,2.955440037808469,3.0779902772819963,2.931625043437736,3.0459071588308744
2011-07-01,12,1.4001777356871579,2.8351275789952597,2.9054893171692995,3.0158597391490543,3.0186608127265893,2.754145384567196,2.958171491703153
2011-08-01,1,2.974354612639362,2.9332852406381624,2.938875673270056,2.984241290924931,3.1091310465963033,3.0645710418328562,3.0954718538440553
2011-08-01,3,2.66347239578493,2.9332852406381624,2.949946076358509,3.031632989899229,3.1161372014460955,2.9604862154261053,3.0650020067326307
2011-08-01,6,2.482093630425192,2.9332852406381624,2.96627915528976,3.064992500227193,3.116891815329073,2.8383931259078428,3.019111249672716
2011-08-01,12,1.5005526468137618,2.9332852406381624,2.997987706849613,3.1159888270701703,3.1037086565996175,2.547749269310008,2.931828300271632
2011-09-01,1,2.6579926418442144,2.974354612639362,2.9797339086777366,2.9994754709234734,2.850698015206013,2.814458915477525,2.833366590099652
2011-09-01,3,2.4952333835051723,2.974354612639362,2.990386122309558,3.0277747619558943,2.8902895275556686,2.8231255465921006,2.8756771713201323
2011-09-01,6,2.2720204986621377,2.974354612639362,3.006101995084882,3.0572636776900737,2.635149293827047,2.5135932545033133,2.5961995909903712
2011-09-01,12,1.6640485984876316,2.974354612639362,3.0366115653066856,3.108508735287842,2.7158480477612557,2.48232739487331,2.6799019556893198
2011-10-01,1,2.66347239578493,2.6579926418442144,2.664906496450891,2.527749771768322,2.598639339799259,2.5947407882574662,2.614353062370902
2011-10-01,3,2.5368603049969884,2.6579926418442144,2.678598428119959,2.455696399376892,2.4640895823360496,2.4645356687768007,2.5297603459100673
2011-10-01,6,1.980114437210341,2.6579926418442144,2.6988013161630695,2.48649787855426,1.9473101041667844,1.9871522011396274,2.0876278303565203
2011-10-01,12,1.9575910400629257,2.6579926418442144,2.7380297544726013,2.584813117312898,2.221626415232506,2.2805524793035215,2.5037392379799654
2011-11-01,1,2.4952333835051723,2.66347239578493,2.670347725238331,2.6637082737393896,2.65404777298599,2.675040855477019,2.683936984262782
2011-11-01,3,2.482093630425192,2.66347239578493,2.6839633700345122,2.690646605237769,2.538258790383485,2.55889892665745,2.5917666388866127
2011-11-01,6,1.5646359586656993,2.66347239578493,2.704053711195758,2.732740852696056,1.9582439594341106,2.0470103022646766,2.0899171483286976
2011-11-01,12,1.6848285133686751,2.66347239578493,2.7430636733127747,2.811512008058598,2.4737999521361407,2.580139615774552,2.694566950018368
2011-12-01,1,2.5368603049969884,2.4952333835051723,2.5028919202767206,2.437018407735184,2.3408440677322515,2.3323289294660636,2.349148317782463
2011-12-01,3,2.2720204986621377,2.4952333835051723,2.5180595244326924,2.418006706616224,2.0397476319248757,2.0865299462091307,2.134605961410648
2011-12-01,6,1.5341905531048219,2.4952333835051723,2.540442108562566,2.460949576581069,1.8001839771894896,1.9749615077346936,2.059835718408918
2011-12-01,12,1.6113308959967636,2.4952333835051723,2.5839109156644553,2.562015971579195,2.0337089398822936,2.3571817585027595,2.4845933856944513
2012-01-01,1,2.482093630425192,2.5368603049969884,2.544310690942198,2.558386205265973,2.554106058218497,2.5697129942399797,2.5872225110988505
2012-01-01,3,1.980114437210341,2.5368603049969884,2.5590658452765336,2.599372601935388,2.1310604660168613,2.173668478130208,2.2089640358834233
2012-01-01,6,1.4001777356871579,2.5368603049969884,2.5808392660617794,2.647561321648163,2.274448112250893,2.3243762165936146,2.4290466638358184
2012-01-01,12,1.4600960350833936,2.5368603049969884,2.6231232216661473,2.733412890165087,2.631228996969432,2.5902127899909657,2.802146298289695
2012-02-01,1,2.2720204986621377,2.482093630425192,2.489785753376975,2.4722113847383502,2.2713527697837286,2.277479900174047,2.287502936272046
2012-02-01,3,1.5646359586656993,2.482093630425192,2.5050200374634093,2.4863009676594943,1.876471071933451,1.9530685027354324,2.011356640474692
2012-02-01,6,1.5005526468137618,2.482093630425192,2.527501421121587,2.5332245634547594,2.0804481582972705,2.201661542800061,2.3462063624563787
2012-02-01,12,1.5918699192055032,2.482093630425192,2.5711635039290215,2.6281909232056413,2.3584394692447437,2.4885964147281596,2.724297357681517
2012-03-01,1,1.980114437210341,2.2720204986621377,2.280659817836272,2.1895645848475462,2.0081159350219338,2.0287664336549236,2.1023478443044588
2012-03-01,3,1.5341905531048219,2.2720204986621377,2.2977716092098297,2.1595992299301603,2.089905562608639,2.118719375001549,2.407220374655903
2012-03-01,6,1.6640485984876316,2.2720204986621377,2.3230275376904657,2.209613406387058,2.1098568779572866,2.1045663092496443,2.677789328830356
2012-03-01,12,1.2689081159556155,2.2720204986621377,2.3720917538422848,2.331000289803449,2.376730656738449,2.2612566718081344,3.285299603753509
2012-04-01,1,1.5646359586656993,1.980114437210341,1.9900057566021858,1.8606923228669556,1.8363485069136951,1.8324542113449902,1.854216490022938
2012-04-01,3,1.4001777356871579,1.980114437210341,2.0096003953561525,1.8141825447205886,2.0628707427314983,2.0170379956536095,2.10918457963457
2012-04-01,6,1.9575910400629257,1.980114437210341,2.0385282962174083,1.8736358929908281,2.262085984607843,2.155942602629404,2.3357697401041295
2012-04-01,12,1.035841905788971,1.980114437210341,2.094751973815405,2.0223234226768154,2.3572074165250503,2.057750842298953,2.3516278430729214
2012-05-01,1,1.5341905531048219,1.5646359586656993,1.576146374766478,1.3937591406641023,1.6416942738497922,1.638813385620841,1.6713860391872317
2012-05-01,3,1.5005526468137618,1.5646359586656993,1.5989546262537542,1.3198407133974703,1.5117759558199206,1.5511792585771582,1.6658457220684877
2012-05-01,6,1.6848285133686751,1.5646359586656993,1.632642081690231,1.3913551703030216,1.5898186525526588,1.6925175934581462,1.8729856224015706
2012-05-01,12,1.2215388792505344,1.5646359586656993,1.6981695812990354,1.578620996379418,1.6546955447852534,1.863082415680696,2.100556350677374
2012-06-01,1,1.4001777356871579,1.5341905531048219,1.5457784439563127,1.5293563440410085,1.4373970799489302,1.4529732990919808,1.5051112598016911
2012-06-01,3,1.6640485984876316,1.5341905531048219,1.5687409996111092,1.576875511678772,1.2801506280048338,1.325413150914594,1.504600749794502
2012-06-01,6,1.6113308959967636,1.5341905531048219,1.6026582937960407,1.6639868360855061,1.441759258679891,1.591715703142613,1.8748597479069566
2012-06-01,12,1.4942861244984391,1.5341905531048219,1.6686396237685945,1.830600803509571,1.465914293929445,1.7357125294734277,2.187419858137588
2012-07-01,1,1.5005526468137618,1.4001777356871579,1.412194268446505,1.3659191441014966,1.271372783187377,1.3025117902224659,1.3442013726933106
2012-07-01,3,1.9575910400629257,1.4001777356871579,1.436009085390176,1.3839191198434628,1.3639948551359637,1.4652354950914612,1.609046449884732
2012-07-01,6,1.4600960350833936,1.4001777356871579,1.471192282539866,1.4714518086635584,1.1467722354684853,1.403771996281921,1.5965167550107793
2012-07-01,12,1.5825246087438787,1.4001777356871579,1.5396609047697243,1.6527980698015199,1.447889519377887,1.9077864244683684,2.20473334630598
2012-08-01,1,1.6640485984876316,1.5005526468137618,1.5122010593953814,1.557199289552668,1.5546001321155096,1.5690863041914878,1.6478255134738895
2012-08-01,3,1.6848285133686751,1.5005526468137618,1.5352845240359594,1.641396788474594,1.7064458788103705,1.814088446361898,2.0569588146600664
2012-08-01,6,1.5918699192055032,1.5005526468137618,1.569382819859104,1.7330099779310624,1.5952510498534496,1.8292772715739989,2.2317095517059595
2012-08-01,12,1.395012624761395,1.5005526468137618,1.6357246878189042,1.8938812470489972,2.1306412074001058,2.4535942906802144,3.171964122558518
2012-09-01,1,1.9575910400629257,1.6640485984876316,1.6750872264549108,1.7570382953504549,1.9219462092894855,1.9570656986180146,1.9873491145007558
2012-09-01,3,1.6113308959967636,1.6640485984876316,1.69695951396416,1.8568910485219587,2.0417682468265177,2.1496671370573925,2.225405342949523
2012-09-01,6,1.2689081159556155,1.6640485984876316,1.7292618542550207,1.943677299589415,1.8218227241684057,1.9767245695355347,2.1145987863319275
2012-09-01,12,1.1348219171867862,1.6640485984876316,1.7920856152777114,2.0875572850473123,2.4370267966533716,2.542347752570308,2.801202606389512
2012-10-01,1,1.6848285133686751,1.9575910400629257,1.9674682997352597,2.102891229606221,1.9485056310168087,1.953840354506535,1.9528310333798995
2012-10-01,3,1.4600960350833936,1.9575910400629257,1.9870351910941,2.232796268399701,1.9507688816303856,1.9891190997817274,1.9819215963669203
2012-10-01,6,1.035841905788971,1.9575910400629257,2.0159223859073756,2.3114337591503467,1.9298217442925165,1.932388053221263,1.959335211749698
2012-10-01,12,0.971373771827997,1.9575910400629257,2.072067848427944,2.4253111553406974,2.481372543687433,2.306345057674917,2.350971507913164
2012-11-01,1,1.6113308959967636,1.6848285133686751,1.695780923202844,1.5890693415973078,1.712959674924732,1.7277747359126303,1.7493830242300987
2012-11-01,3,1.5918699192055032,1.6848285133686751,1.7174815966616361,1.549576495713963,1.413885879654075,1.4597563052077531,1.5536476254245437
2012-11-01,6,1.2215388792505344,1.6848285133686751,1.7495285701144627,1.6193026495793397,1.605932066600106,1.6728873407059643,1.8820765625427256
2012-11-01,12,1.188381156525929,1.6848285133686751,1.8118489813526082,1.7856507855514332,1.771310820949735,1.8038594740553533,2.11391128643824
2012-12-01,1,1.4600960350833936,1.6113308959967636,1.6225309066952052,1.5801590671370662,1.3439872057559163,1.3717106214081831,1.415764980284091
2012-12-01,3,1.2689081159556155,1.6113308959967636,1.6447235757383152,1.6050087849626375,1.164460876998924,1.230725853976089,1.4082234928703596
2012-12-01,6,1.4942861244984391,1.6113308959967636,1.6775005833056265,1.6853243264374438,1.577266544272833,1.709548974251786,2.0385226480700993
2012-12-01,12,1.3785543209327729,1.6113308959967636,1.7412527780563725,1.8469628023035032,1.5789881453827181,1.7939604899656618,2.2874767718442186
2013-01-01,1,1.5918699192055032,1.4600960350833936,1.4718094533433992,1.415013964110124,1.4105637089670333,1.4194106877949326,1.470878720490886
2013-01-01,3,1.035841905788971,1.4600960350833936,1.495022378194441,1.4256239438724758,1.3571026359709024,1.3883899649077933,1.576087254720788
2013-01-01,6,1.5825246087438787,1.4600960350833936,1.5293134838720754,1.5094969077679137,2.019497263748179,2.0787363635918497,2.401607896244322
2013-01-01,12,1.3956211493799557,1.4600960350833936,1.5960359873734797,1.6841000006017977,1.9967051495958559,2.037328045554986,2.5435968588980935
2013-02-01,1,1.2689081159556155,1.5918699192055032,1.6030918004648897,1.661134570426688,1.6348087849842234,1.6276587437140564,1.6661955272376967
2013-02-01,3,1.2215388792505344,1.5918699192055032,1.6253283751855148,1.7530083609897373,1.9619925755570096,1.9274265073830763,2.0598898632631646
2013-02-01,6,1.395012624761395,1.5918699192055032,1.6581716301401535,1.8400405270041813,2.3008784812784806,2.1514310914101857,2.3745496524615053
2013-02-01,12,1.0880413566742688,1.5918699192055032,1.7220575758188645,1.9888180671354272,2.5124611886415904,2.097513771462387,2.494957584728343
2013-03-01,1,1.035841905788971,1.2689081159556155,1.281221455143754,1.1570161453248178,1.1281891657145207,1.1226643848109885,1.178548862847709
2013-03-01,3,1.4942861244984391,1.2689081159556155,1.3056271990094852,1.1159591393873258,1.522651399497583,1.583525193701899,1.7812746485876454
2013-03-01,6,1.1348219171867862,1.2689081159556155,1.3416900722842537,1.2001506047255521,1.3055391139756924,1.4272779462753005,1.733734295066854
2013-03-01,12,1.3801355814120648,1.2689081159556155,1.4118938886366543,1.3964940182384462,1.474280385838722,1.673850888847542,2.181926266687543
2013-04-01,1,1.2215388792505344,1.035841905788971,1.0488095626213298,0.940243878569384,1.195459053034076,1.2514725477727566,1.3057596383721584
2013-04-01,3,1.5825246087438787,1.035841905788971,1.0745180076407521,0.9309778653581479,1.4965381231772112,1.6125024674568706,1.7886232405315818
2013-04-01,6,0.971373771827997,1.035841905788971,1.1125201057843146,1.0272382482612101,0.8680342162758269,1.1360909208661867,1.3805210194897934
2013-04-01,12,1.6592714521923253,1.035841905788971,1.1865490693760368,1.236287339101399,1.3874472407403882,1.8343057301799663,2.239506544297216
2013-05-01,1,1.4942861244984391,1.2215388792505344,1.2339479701855924,1.3186214842462645,1.4028977918671226,1.4327906607864762,1.4797106194066303
2013-05-01,3,1.395012624761395,1.2215388792505344,1.2585447359761655,1.4375838502053793,1.3558119110806275,1.468589241876722,1.6118353923101847
2013-05-01,6,1.188381156525929,1.2215388792505344,1.2948929159635831,1.5408512738386717,1.1368137880335847,1.4681565086454842,1.670465175621524
2013-05-01,12,1.7507508149549822,1.2215388792505344,1.3656627915341264,1.712610068333727,1.5702298755698043,2.137976744428664,2.4419926301507844
2013-06-01,1,1.5825246087438787,1.4942861244984391,1.505786930614961,1.640203514162788,1.6767728063795155,1.712878495962649,1.7400953014371807
2013-06-01,3,1.1348219171867862,1.4942861244984391,1.5285777854146025,1.7750473638146853,1.3256574681381914,1.522152375582934,1.5621501106749403
2013-06-01,6,1.3785543209327729,1.4942861244984391,1.5622435979539324,1.8683273946476826,1.5148843413102724,1.9227287963697628,1.9697842691033889
2013-06-01,12,1.6379703360962492,1.4942861244984391,1.6277431582362962,2.0138895519633606,1.8540241585809358,2.5488049625182874,2.55649058073049
2013-07-01,1,1.395012624761395,1.5825246087438787,1.5936811416928516,1.6421701269891946,1.372914924181895,1.4264740554299673,1.4519326889192947
2013-07-01,3,0.971373771827997,1.5825246087438787,1.6157883732079743,1.7131994276556823,0.9379070512092761,1.2212374121545495,1.2910921122813557
2013-07-01,6,1.3956211493799557,1.5825246087438787,1.6484409508331495,1.7964649730435343,1.2546679879946947,1.792987403391734,1.9116277954828942
2013-07-01,12,1.6554629732056811,1.5825246087438787,1.7119572589013534,1.9465262471391904,1.5395049340811735,2.476658204919072,2.603186460071955
2013-08-01,1,1.1348219171867862,1.395012624761395,1.4068088111284587,1.3284727295154033,1.1970749245185657,1.2842749965286617,1.2923240829999247
2013-08-01,3,1.188381156525929,1.395012624761395,1.4301871588063126,1.321183280517985,1.1861563333808305,1.4441553874168598,1.4927166487918582
2013-08-01,6,1.0880413566742688,1.395012624761395,1.4647260765927277,1.4034447827671368,1.036681840853101,1.5016833624442212,1.5609316405003102
2013-08-01,12,1.4950126621403548,1.395012624761395,1.5319427990789014,1.5815871736583726,1.62265723067005,2.3840699172961033,2.413588189435288
2013-09-01,1,0.971373771827997,1.1348219171867862,1.1474214669950937,1.033233417327911,0.8836271064301466,0.9439795212361933,0.993632586851872
2013-09-01,3,1.3785543209327729,1.1348219171867862,1.1723977707088518,1.0152458103347712,1.2371424963143074,1.4426463396696456,1.6302783199546085
2013-09-01,6,1.3801355814120648,1.1348219171867862,1.2093117897208856,1.1063719499110622,1.1499327009980138,1.5918606487362723,1.8934907771819312
2013-09-01,12,1.48615117553771,1.1348219171867862,1.281200747235217,1.3053958998660595,1.501914112343202,2.283745995088862,2.717728097883826
2013-10-01,1,1.188381156525929,0.971373771827997,0.9843919341367982,0.916625297712643,1.2093504914671318,1.25894016660364,1.289435307065696
2013-10-01,3,1.3956211493799557,0.971373771827997,1.01020243094942,0.9355555288685531,1.3384319857593467,1.5039891766685811,1.571645221866254
2013-10-01,6,1.6592714521923253,0.971373771827997,1.0483601231702064,1.0356497316768414,1.6052524649617523,1.932428979769988,2.022259912052693
2013-10-01,12,1.324139313651404,0.971373771827997,1.122708784318042,1.2395185007176774,1.8636975792530353,2.405618453308483,2.453253179263889
2013-11-01,1,1.3785543209327729,1.188381156525929,1.2007660581811637,1.302119624296389,1.3560990548276708,1.3777954197508677,1.3916486757302673
2013-11-01,3,1.0880413566742688,1.188381156525929,1.2253158715047245,1.4291672070252244,1.0403346198828431,1.1902214045122173,1.2157600186164155
2013-11-01,6,1.7507508149549822,1.188381156525929,1.2615971163729922,1.5303183168334114,1.663634804058201,1.9433901750863543,1.9751153312421748
2013-11-01,12,1.079907362042219,1.188381156525929,1.3322452374924583,1.697571468631572,1.810520362230839,2.2662661274195024,2.217641461070554
2013-12-01,1,1.3956211493799557,1.3785543209327729,1.390308420534095,1.4888880823906259,1.3356869435663088,1.3920927223796369,1.4033808159697858
2013-12-01,3,1.3801355814120648,1.3785543209327729,1.413603968137855,1.5970018774791583,1.3421674539055528,1.5118770138813982,1.5578252924400982
2013-12-01,6,1.6379703360962492,1.3785543209327729,1.4480220596933575,1.6882041233321579,1.6439220145501194,1.92790666227894,1.9841012337333819
2013-12-01,12,0.7295908023517091,1.3785543209327729,1.5150088905227048,1.8427649120249536,1.8899496182835736,2.3414769125358728,2.3554849640923554
2014-01-01,1,1.0880413566742688,1.3956211493799557,1.407286321608754,1.4208708556206633,1.1673732400747918,1.189990762182278,1.2106531548002382
2014-01-01,3,1.6592714521923253,1.3956211493799557,1.4304055187921443,1.4723005908438418,1.716795364793684,1.7638249822829066,1.849638011708399
2014-01-01,6,1.6554629732056811,1.3956211493799557,1.4645628034008842,1.5581755152148378,1.8276903621534284,1.8935058041958275,2.018684870570799
2014-01-01,12,0.04139329901601342,1.3956211493799557,1.531041134181309,1.7216554780254891,2.083518525509441,2.0995053545471256,2.2747397273217125
2014-02-01,1,1.3801355814120648,1.0880413566742688,1.1006631067528423,0.9694399699807568,1.327611403582202,1.3460436622499883,1.387797620246479
2014-02-01,3,1.7507508149549822,1.0880413566742688,1.125684865855222,0.935143944622516,1.688560179974871,1.7760860088914143,1.9068443679375844
2014-02-01,6,1.4950126621403548,1.0880413566742688,1.1626696318292218,1.0254304269316301,1.6513049564751807,1.8202045469837589,2.017888217027818
2014-02-01,12,0.17055589838779162,1.0880413566742688,1.2347088431776672,1.2256220013057684,1.931580097741318,2.1940499632441464,2.4816248458481764
2014-03-01,1,1.6592714521923253,1.3801355814120648,1.3918343267360274,1.513659925232824,1.6585392706065047,1.6824372987406802,1.7166500202110095
2014-03-01,3,1.6379703360962492,1.3801355814120648,1.4150200184567054,1.654149678252537,1.7116501188029143,1.7850516154241767,1.8794365955992063
2014-03-01,6,1.48615117553771,1.3801355814120648,1.449275436679184,1.7486651219033953,1.9023375819201482,2.0438937470271172,2.19306908590856
2014-03-01,12,0.1991508374013286,1.3801355814120648,1.5159443807600357,1.8972644534038983,2.1568798242274974,2.3360618980672077,2.5557785130906474
2014-04-01,1,1.7507508149549822,1.6592714521923253,1.6699516320006063,1.8097140200070585,1.780101385977797,1.8048864535985214,1.8283065790206128
2014-04-01,3,1.6554629732056811,1.6592714521923253,1.6911138609867669,1.9365234902584776,1.7627199505082007,1.8407149573142947,1.917869330537268
2014-04-01,6,1.324139313651404,1.6592714521923253,1.722367991202167,2.0180199037890847,1.9641675422004572,2.1057949966584495,2.2356447574490215
2014-04-01,12,0.11026325177722214,1.6592714521923253,1.7831546881617437,2.1453591154130622,2.183005716287876,2.373756370530908,2.559747278437557
2014-05-01,1,1.6379703360962492,1.7507508149549822,1.7610515087542074,1.8062086904765964,1.6695472510755318,1.6773663537792278,1.7104547505407623
2014-05-01,3,1.4950126621403548,1.7507508149549822,1.7814606112949847,1.8690278325485636,1.7145175579968945,1.7806490725523014,1.8942060279514474
2014-05-01,6,1.079907362042219,1.7507508149549822,1.8115995224144754,1.9420456877470835,1.9250769482138215,2.0405477833025936,2.2419383956565295
2014-05-01,12,0.18511477256723485,1.7507508149549822,1.8702069419969427,2.0745132394137915,2.1001633810689277,2.2569022019208744,2.579095189827918
2014-06-01,1,1.6554629732056811,1.6379703360962492,1.6486882947179955,1.6007753484959208,1.6656632465031032,1.698981597189555,1.7162386862529
2014-06-01,3,1.48615117553771,1.6379703360962492,1.6699259264274735,1.6095794144750948,1.7843813267531803,1.8801450279075589,1.9361693745430073
2014-06-01,6,0.7295908023517091,1.6379703360962492,1.701292761484327,1.6828167650443122,1.853129672339631,2.0275101798313386,2.104398025126986
2014-06-01,12,0.27006367527466185,1.6379703360962492,1.7623033552343086,1.8339475696382117,2.0669710605582994,2.327173749954802,2.4168262153934608
2014-07-01,1,1.4950126621403548,1.6554629732056811,1.6660888512647476,1.673116860684795,1.645218570639093,1.6525540445940525,1.6873141979382682
2014-07-01,3,1.324139313651404,1.6554629732056811,1.687143921261291,1.7240456969589997,1.815047776057698,1.836474204508031,1.9645868499680188
2014-07-01,6,0.04139329901601342,1.6554629732056811,1.7182408662637023,1.800263991331115,1.7838643572673583,1.820619795277342,2.0444320427282094
2014-07-01,12,0.21949177000040546,1.6554629732056811,1.7787256104477351,1.942490719465059,2.0775418406895128,2.069805245302887,2.456969302926901
2014-08-01,1,1.48615117553771,1.4950126621403548,1.5062154077522711,1.4448198616114092,1.544847110310403,1.5456882686076503,1.5861361156859772
2014-08-01,3,1.079907362042219,1.4950126621403548,1.528416272417956,1.4492367309063918,1.5530773711527932,1.5786985750193847,1.7162196911736065
2014-08-01,6,0.17055589838779162,1.4950126621403548,1.5612122197975085,1.5273243495758853,1.552372697504852,1.6226373195105652,1.8611734782310996
2014-08-01,12,0.2389855028144565,1.4950126621403548,1.6250251420474744,1.689532840902336,1.7149711819071973,1.8009982861127016,2.2044085691649924
2014-09-01,1,1.324139313651404,1.48615117553771,1.4973576449271522,1.4937262574779069,1.4702475035587814,1.4850582727155923,1.5114062419683865
2014-09-01,3,0.7295908023517091,1.48615117553771,1.519566239343601,1.5424032319997905,1.410720840511641,1.4547469496425087,1.5383829579733135
2014-09-01,6,0.1991508374013286,1.48615117553771,1.552374467665103,1.6243307603915196,1.3962281795924811,1.4951303527653614,1.6301422697646124
2014-09-01,12,0.06567807717234365,1.48615117553771,1.6162142995492688,1.779094838970588,1.628907477422172,1.7559474612013308,1.9748132934628035
2014-10-01,1,1.079907362042219,1.324139313651404,1.3358835520793562,1.2749190427010606,1.2359868033867099,1.2450724744543145,1.269863322997678
2014-10-01,3,0.04139329901601342,1.324139313651404,1.3591610542315018,1.2833778235896736,1.0559550723083058,1.1296463592514878,1.2167926503492659
2014-10-01,6,0.11026325177722214,1.324139313651404,1.3935561747008798,1.3674774510088803,1.0076466238616208,1.1949849875107255,1.3267232331537722
2014-10-01,12,0.0954526632432265,1.324139313651404,1.4605112014489703,1.540747676541172,1.2639788843555486,1.577353172199346,1.7788499216776703
2014-11-01,1,0.7295908023517091,1.079907362042219,1.0923964668103567,0.9890848913309167,0.9279755962053597,0.9595628753997432,0.9876375196510533
2014-11-01,3,0.17055589838779162,1.079907362042219,1.1171557258921423,0.9788637562902284,0.8257593540903951,0.9541933368078079,1.0478122368082445
2014-11-01,6,0.18511477256723485,1.079907362042219,1.1537536233900996,1.0699482966339218,0.5568336037907337,0.8591046994317912,0.9882874759172001
2014-11-01,12,0.2535558180059177,1.079907362042219,1.2250432572154626,1.2644825210985529,0.8979712387542608,1.4387113132639786,1.6263184028462445
2014-12-01,1,0.04139329901601342,0.7295908023517091,0.7429766394120482,0.5958210934810279,0.4921226117325103,0.4992615364617544,0.5433329743699842
2014-12-01,3,0.1991508374013286,0.7295908023517091,0.76952280782971,0.5646960373117,0.3713818210645473,0.42348763457590555,0.5793948749594375
2014-12-01,6,0.27006367527466185,0.7295908023517091,0.808784616007915,0.6656776775105739,0.035370671580577995,0.20428961450357358,0.46642996131396885
2014-12-01,12,0.34536667829406836,0.7295908023517091,0.8853424446045632,0.8879093777587638,0.4187608783699678,0.6731069459155125,1.1406874818498625
2015-01-01,1,0.17055589838779162,0.04139329901601342,0.05589737120416462,-0.2387776721804842,-0.18994704908170906,-0.17833470816034805,-0.1284364963807257
2015-01-01,3,0.11026325177722214,0.04139329901601342,0.0846832497276034,-0.35847762596049315,-0.6207185932709512,-0.4955842126625074,-0.3151610190996735
2015-01-01,6,0.21949177000040546,0.04139329901601342,0.127312070017146,-0.24611761248142894,-1.2215698541430022,-0.8562550929077097,-0.5605287695958694
2015-01-01,12,0.867376027731763,0.04139329901601342,0.2106265526488144,0.03512685515541509,-0.8048791386592742,-0.10580380426853751,0.39032156041621696
2015-02-01,1,0.1991508374013286,0.17055589838779162,0.1849054672003263,0.23933138783996089,0.11961590517193418,0.15335272721460652,0.20710373969570892
2015-02-01,3,0.18511477256723485,0.17055589838779162,0.21338022318354194,0.36744111860062834,-0.1582751831237038,-0.11976825420376835,0.04896857546117209
2015-02-01,6,0.2389855028144565,0.17055589838779162,0.2555372405794466,0.500496867076586,-0.36082177684311745,-0.2418726371161838,0.056497824959061665
2015-02-01,12,0.6382890873171514,0.17055589838779162,0.3378907842468011,0.7340458014096862,0.438012985637891,0.4251574371429287,1.0130438090501237
2015-03-01,1,0.11026325177722214,0.1991508374013286,0.2134117883018015,0.25552602340291036,0.12477425153228164,0.10174257040263775,0.1550575426187616
2015-03-01,3,0.27006367527466185,0.1991508374013286,0.24171016444164384,0.3470856615910989,-0.08418370738944006,-0.10616467224873066,0.08265548800276779
2015-03-01,6,0.06567807717234365,0.1991508374013286,0.28360474354497234,0.47343066679325946,-0.16485067536155223,-0.2329961215369356,0.15684281784901843
2015-03-01,12,0.6831715333527063,0.1991508374013286,0.365441027421379,0.7076831723506797,0.6264643255582919,0.22681068097438684,0.9923888819388669
2015-04-01,1,0.18511477256723485,0.11026325177722214,0.12454649933882835,0.0953693405044042,-0.04261160244867158,-0.04126377849698343,-0.020997831825055963
2015-04-01,3,0.21949177000040546,0.11026325177722214,0.15289291046053588,0.1441816431737161,-0.26138774023570543,-0.17575862590315336,-0.12409897125670441
2015-04-01,6,0.0954526632432265,0.11026325177722214,0.1948679594117104,0.2685917297977514,-0.17649360358823696,-0.10495716194371954,0.0291644237053183
2015-04-01,12,0.9216466126968745,0.11026325177722214,0.2768942818152634,0.5150910325699233,0.5487958771382514,0.42460478482242436,0.6676252470577706
2015-05-01,1,0.27006367527466185,0.18511477256723485,0.19927260700344268,0.2390388540500027,0.22778869730612308,0.28083009286454813,0.2906957369760207
2015-05-01,3,0.2389855028144565,0.18511477256723485,0.22736786525647845,0.33640977767962604,0.21674319170590176,0.269767114118605,0.3208746517212755
2015-05-01,6,0.2535558180059177,0.18511477256723485,0.26896543514667753,0.4637520944619461,0.5084077342315293,0.4746601066430455,0.6231140673850775
2015-05-01,12,0.8451042726409905,0.18511477256723485,0.3502345283910381,0.6980512096969484,1.2654511689668437,0.8532434243865293,1.1224326364628363
2015-06-01,1,0.21949177000040546,0.27006367527466185,0.2840724709859314,0.334574084952195,0.1935929744078748,0.1769356243751013,0.17877093430259186
2015-06-01,3,0.06567807717234365,0.27006367527466185,0.3118694308388792,0.43283899905989986,0.3558714707984828,0.28805616809865203,0.3307294813398726
2015-06-01,6,0.34536667829406836,0.27006367527466185,0.3530190729485097,0.5570649301262823,0.8705527866964095,0.6171595335627967,0.7478531282219636
2015-06-01,12,0.8261851213321983,0.27006367527466185,0.4333910442478922,0.7846098103036702,1.3565570335283894,0.6398506854853019,0.823867601430363
2015-07-01,1,0.2389855028144565,0.21949177000040546,0.23350255789762725,0.22289069577007797,0.3279564505841556,0.28793647982668275,0.313156703872213
2015-07-01,3,0.0954526632432265,0.21949177000040546,0.2613057177221627,0.28024477375312734,0.46866275806367436,0.29240740690253686,0.38135238851103215
2015-07-01,6,0.867376027731763,0.21949177000040546,0.3024700825554349,0.401018439891831,1.580378174591748,1.0942584338016443,1.3177425889435022
2015-07-01,12,0.7522477766160038,0.21949177000040546,0.38289027206730053,0.6368471681188193,1.503303991256201,0.3599586717722073,0.7231052399696734
2015-08-01,1,0.06567807717234365,0.2389855028144565,0.2529172800627385,0.2684558816369503,0.26875290211535974,0.22477179892193974,0.24971591253546885
2015-08-01,3,0.2535558180059177,0.2389855028144565,0.2805634582600684,0.34673439176658666,0.48817627585905154,0.27465480420869093,0.39107203381997685
2015-08-01,6,0.6382890873171514,0.2389855028144565,0.321494927839999,0.46902408575471677,1.3487666966741083,0.7816863169707039,1.0375303895642378
2015-08-01,12,0.884289079769595,0.2389855028144565,0.40145846133342933,0.6999482945967613,1.308159390417645,0.05867391677263778,0.5040608203327565
2015-09-01,1,0.0954526632432265,0.06567807717234365,0.07972486809008283,0.01749955438127944,0.014105975258190642,-0.03314399685331082,0.006368420754906429
2015-09-01,3,0.34536667829406836,0.06567807717234365,0.10760582330683538,0.04331966972811929,0.35846897561238095,0.19955708977800146,0.37307056734050703
2015-09-01,6,0.6831715333527063,0.06567807717234365,0.14890104478094948,0.1641577185304583,0.7968400759320716,0.45724335071101174,0.750262867108769
2015-09-01,12,1.2123956136639338,0.06567807717234365,0.22963193902212914,0.4116134229546065,0.799584274614235,0.08385734358628769,0.5710022300316863
2015-10-01,1,0.2535558180059177,0.0954526632432265,0.10941684026043669,0.1276647824029494,0.2580840153987641,0.25884858612770106,0.2924411698006049
2015-10-01,3,0.867376027731763,0.0954526632432265,0.13713324350469208,0.21287871005635478,1.1128339257705246,0.9821248533146544,1.0943308680157684
2015-10-01,6,0.9216466126968745,0.0954526632432265,0.1781833240592339,0.339129191517856,1.0049525242226074,0.7475382564422591,0.8866967494959369
2015-10-01,12,1.416917438172578,0.0954526632432265,0.2584299919030404,0.5757291622793926,1.2269815192287357,0.6147594159376226,0.8567595847865211
2015-11-01,1,0.34536667829406836,0.2535558180059177,0.26731471959394393,0.3495112188202609,0.49219656582660176,0.42989402862196696,0.4614761922316396
2015-11-01,3,0.6382890873171514,0.2535558180059177,0.29461856791718416,0.4691270593473462,1.0572692115654092,0.9056790200465886,0.9871218829775871
2015-11-01,6,0.8451042726409905,0.2535558180059177,0.3350449887810439,0.5937024657822622,0.8649550659328342,0.5995720034624862,0.7023637570454291
2015-11-01,12,1.3877304137766024,0.2535558180059177,0.4140281340586918,0.8141375570479447,1.2814282391133798,0.6479672997613964,0.8523894572290855
2015-12-01,1,0.867376027731763,0.34536667829406836,0.3589543488292411,0.4117488638832951,0.8875441123179354,0.8767410366172294,0.8966375131283553
2015-12-01,3,0.6831715333527063,0.34536667829406836,0.3859158049186863,0.5064143340690878,0.6913580776908201,0.7108733683150114,0.7436155249622617
2015-12-01,6,0.8261851213321983,0.34536667829406836,0.4258288780902433,0.6249863982838725,0.392206209150978,0.44433485246491655,0.4706285953190322
2015-12-01,12,1.6435770712886402,0.34536667829406836,0.5037866161015301,0.8423374856540397,0.9416488085977116,0.902685184782457,0.9534862928842128
