origin,horizon,actual,persistence,ar1,ar4,core
2020-01-01,1,1.6749905845700095,1.7785713453302283,1.7872436489496748,1.891097247181489,1.757196329616745
2020-01-01,3,0.46139523353879625,1.7785713453302283,1.8044309341002174,1.9884622934158296,1.5516155779504697
2020-01-01,6,0.9183541968045433,1.7785713453302283,1.8298233035775702,2.0532770421396935,1.773243703254869
2020-01-01,12,1.5733552810323885,1.7785713453302283,1.87923999816009,2.1552176344295177,2.030196578230811
2020-02-01,1,1.1594612384289573,1.6749905845700095,1.6840735588667137,1.6467702464408944,1.5609140793103695
2020-02-01,3,0.4889655170470613,1.6749905845700095,1.7020758360269481,1.652294006309637,1.4707770533074216
2020-02-01,6,1.1508710511293132,1.6749905845700095,1.7286749788204785,1.7127284790312087,1.691463058631379
2020-02-01,12,1.825959303398635,1.6749905845700095,1.7804496792998974,1.839246723030753,1.825715481704833
2020-03-01,1,0.46139523353879625,1.1594612384289573,1.170509384240273,0.9499679657310626,0.8199798852016503
2020-03-01,3,0.7566677418227326,1.1594612384289573,1.192413296874462,0.8565868793185989,0.8240807606346365
2020-03-01,6,1.268276974339093,1.1594612384289573,1.2247937906343174,0.928559452748065,0.838173630254738
2020-03-01,12,2.634010081281457,1.1594612384289573,1.2878795680728143,1.1104957173765766,0.7851140254379959
2020-04-01,1,0.4889655170470613,0.46139523353879625,0.47452318542748867,0.17146026364890934,0.25302022558669707
2020-04-01,3,0.9183541968045433,0.46139523353879625,0.500564910483185,0.050949943636401235,0.09619327863988418
2020-04-01,6,1.1804908741609368,0.46139523353879625,0.5390978644705547,0.14738728530948875,-0.12308798340627675
2020-04-01,12,3.57559276125739,0.46139523353879625,0.614294836343477,0.38204886078911204,-0.053417449851325766
2020-05-01,1,0.7566677418227326,0.4889655170470613,0.5019901811871206,0.517277488797325,0.5557328503540828
2020-05-01,3,1.1508710511293132,0.4889655170470613,0.5278266251948803,0.6078441413002454,0.5123147496526971
2020-05-01,6,1.1792837426083884,0.4889655170470613,0.5660548692032744,0.7166449045370495,0.38615277367686274
2020-05-01,12,3.991723484546538,0.4889655170470613,0.6406538224457502,0.9124174673414086,0.7969914052843403
2020-06-01,1,0.9183541968045433,0.7566677418227326,0.7690043986177229,0.9076866699088771,0.8016513347589364
2020-06-01,3,1.268276974339093,0.7566677418227326,0.7934696356068301,1.0463810056801197,0.9025572904799998
2020-06-01,6,1.325695824486493,0.7566677418227326,0.8296531378355986,1.1445331284413307,0.6505133435158292
2020-06-01,12,4.215993096276831,0.7566677418227326,0.9002063569853052,1.3091226242423777,1.3277060734813095
2020-07-01,1,1.1508710511293132,0.9183541968045433,0.9301927510103465,1.0101800196000599,1.0304627823286856
2020-07-01,3,1.1804908741609368,0.9183541968045433,0.9536669322690132,1.1012629506897544,1.0247959150541759
2020-07-01,6,1.5733552810323885,0.9183541968045433,0.9883766725865353,1.1905195256056473,0.8030396335398132
2020-07-01,12,4.376054791451672,0.9183541968045433,1.0560281785870453,1.3513213492685106,1.5849177406742128
2020-08-01,1,1.268276974339093,1.1508710511293132,1.1619367978818071,1.2637671950979779,1.2823709523410187
2020-08-01,3,1.1792837426083884,1.1508710511293132,1.1838744322775383,1.3679752137958279,1.286068703004299
2020-08-01,6,1.825959303398635,1.1508710511293132,1.2163018853843854,1.4501854345764895,1.077438882310914
2020-08-01,12,4.4790841316208185,1.1508710511293132,1.2794690331971719,1.5927217145695616,1.8994556100006699
2020-09-01,1,1.1804908741609368,1.268276974339093,1.278905090444812,1.334930259496997,1.2114334522364303
2020-09-01,3,1.325695824486493,1.268276974339093,1.2999734005788723,1.4057440961692305,1.121872512901943
2020-09-01,6,2.634010081281457,1.268276974339093,1.331111587635723,1.4823297380082765,1.4680820725018027
2020-09-01,12,4.628634893600741,1.268276974339093,1.3917523979989375,1.6221827298993343,1.835908145518375
2020-10-01,1,1.1792837426083884,1.1804908741609368,1.1914086075335044,1.1555124827785093,1.2156406444669738
2020-10-01,3,1.5733552810323885,1.1804908741609368,1.2130525763059457,1.1745964965611038,0.9782127382510237
2020-10-01,6,3.57559276125739,1.1804908741609368,1.2450453717653767,1.2525700070263839,2.016441186936782
2020-10-01,12,5.198634287306786,1.1804908741609368,1.3073638279193829,1.4079903404663308,1.804783168612536
2020-11-01,1,1.325695824486493,1.1792837426083884,1.1901798830806507,1.1902181592770573,1.0142833459503136
2020-11-01,3,1.825959303398635,1.1792837426083884,1.2117812431085253,1.2386392087265592,0.916200141027867
2020-11-01,6,3.991723484546538,1.1792837426083884,1.2437115454859318,1.3184100348794228,2.042402445265932
2020-11-01,12,5.76101117250708,1.1792837426083884,1.3059099816672035,1.4689145717645047,1.7360665142073515
2020-12-01,1,1.5733552810323885,1.325695824486493,1.3360449058106574,1.4055137161976194,1.3795853604028023
2020-12-01,3,2.634010081281457,1.325695824486493,1.3565596315576016,1.4910064287525346,1.9082452232377656
2020-12-01,6,4.215993096276831,1.325695824486493,1.3868785362588125,1.5665697049933134,2.649049716399352
2020-12-01,12,5.960734387404415,1.325695824486493,1.4459199498412798,1.6991082912551592,2.636527267832873
2021-01-01,1,1.825959303398635,1.5733552810323885,1.582736118574454,1.6956782075745398,1.7428262693967655
2021-01-01,3,3.57559276125739,1.5733552810323885,1.6013284371810892,1.7980607644188058,2.930843491657866
2021-01-01,6,4.376054791451672,1.5733552810323885,1.6287986094482971,1.864442450648983,3.0453088882295463
2021-01-01,12,6.083573846637115,1.5733552810323885,1.6822660162254195,1.9748125191102501,3.158542600664194
2021-02-01,1,2.634010081281457,1.825959303398635,1.8342776084097703,1.9470870192293566,2.367277735718929
2021-02-01,3,3.991723484546538,1.825959303398635,1.8507616281550716,2.040860162757257,3.269011302381801
2021-02-01,6,4.4790841316208185,1.825959303398635,1.8751108377359151,2.0972414044057293,3.2056410117080008
2021-02-01,12,6.340231251667356,1.825959303398635,1.9224828720942522,2.189972936282656,3.3984049897258717
2021-03-01,1,3.57559276125739,2.634010081281457,2.638605010991087,2.9882260450319915,3.4748107594390625
2021-03-01,3,4.215993096276831,2.634010081281457,2.6477069026189275,3.2172785316962793,3.7498275725999153
2021-03-01,6,4.628634893600741,2.634010081281457,2.661142621443833,3.2498301522714192,3.9496446347393626
2021-03-01,12,6.697066392432129,2.634010081281457,2.68725056626117,3.25203382749314,4.183131168039976
2021-04-01,1,3.991723484546538,3.57559276125739,3.575388822852184,4.000247307230936,3.885100347765364
2021-04-01,3,4.376054791451672,3.57559276125739,3.57498492473006,4.245481105078074,3.9726490980476
2021-04-01,6,5.198634287306786,3.57559276125739,3.574388895179467,4.243627651753685,4.457098783346429
2021-04-01,12,6.47080880570976,3.57559276125739,3.5732313440806025,4.161378342198774,4.372417968357899
2021-05-01,1,4.215993096276831,3.991723484546538,3.9894110476015485,4.17112865812778,4.083956689416741
2021-05-01,3,4.4790841316208185,3.991723484546538,3.984830977271875,4.24474007113934,4.2111939636118825
2021-05-01,6,5.76101117250708,3.991723484546538,3.9780714370107453,4.215691836501351,5.005492334224026
2021-05-01,12,6.573667064538174,3.991723484546538,3.9649410464657704,4.134884534953963,4.603974632017871
2021-06-01,1,4.376054791451672,4.215993096276831,4.212587971541887,4.296376911683246,4.354581028576776
2021-06-01,3,4.628634893600741,4.215993096276831,4.205843205703548,4.317875145847123,4.646587286071355
2021-06-01,6,5.960734387404415,4.215993096276831,4.1958876716643,4.278933365962423,5.315740720845602
2021-06-01,12,6.993150157266438,4.215993096276831,4.17654485780456,4.192372151357266,4.930907119865471
2021-07-01,1,4.4790841316208185,4.376054791451672,4.371896808598163,4.434291991759559,4.4728724250810075
2021-07-01,3,5.198634287306786,4.376054791451672,4.3636602579160595,4.444386804091119,5.010879156986495
2021-07-01,6,6.083573846637115,4.376054791451672,4.351501446857452,4.39958425177132,5.36354451380477
2021-07-01,12,6.532135241337345,4.376054791451672,4.327873145304109,4.302535928870675,4.940856640906188
2021-08-01,1,4.628634893600741,4.4790841316208185,4.47445780109402,4.513699736876322,4.693259206366105
2021-08-01,3,5.76101117250708,4.4790841316208185,4.465293042119785,4.5081084047754825,5.358129266544026
2021-08-01,6,6.340231251667356,4.4790841316208185,4.45176288111565,4.4584807776468445,5.479607102210397
2021-08-01,12,6.428546652772016,4.4790841316208185,4.425465690851839,4.356428446781235,4.9763591025866685
2021-09-01,1,5.198634287306786,4.628634893600741,4.623343759284876,4.682815505219985,4.925224862533206
2021-09-01,3,5.960734387404415,4.628634893600741,4.612861208562666,4.68893599312168,5.2539142571534185
2021-09-01,6,6.697066392432129,4.628634893600741,4.5973835516405215,4.634694163105064,5.229702820105732
2021-09-01,12,6.455044919773634,4.628634893600741,4.56729420391608,4.518119450556578,4.798787354774969
2021-10-01,1,5.76101117250708,5.198634287306786,5.190967866815539,5.437438823103855,5.653292373423117
2021-10-01,3,6.083573846637115,5.198634287306786,5.175774609543897,5.5549056991445145,5.761970150574825
2021-10-01,6,6.47080880570976,5.198634287306786,5.153329455785506,5.4892872826968695,5.782054985226032
2021-10-01,12,6.261419287937881,5.198634287306786,5.109652789644481,5.304174983762383,5.5742495893148085
2021-11-01,1,5.960734387404415,5.76101117250708,5.7514559985977085,6.001513207379637,5.889475195117628
2021-11-01,3,6.340231251667356,5.76101117250708,5.73251124721511,6.100580843458215,6.108375825764025
2021-11-01,6,6.573667064538174,5.76101117250708,5.7045033373198075,6.012471755133792,5.990316154562924
2021-11-01,12,5.855653914611847,5.76101117250708,5.649929734247731,5.786313373854596,5.75208773299381
2021-12-01,1,6.083573846637115,5.960734387404415,5.950688074744324,6.0297118698071825,6.055114895221682
2021-12-01,3,6.697066392432129,5.960734387404415,5.930765444462533,6.010700654304602,6.202592101356714
2021-12-01,6,6.993150157266438,5.960734387404415,5.901301701473916,5.904037354644475,6.075909610939818
2021-12-01,12,5.373080221564972,5.960734387404415,5.843855893389436,5.685460575268823,5.846398366962189
2022-01-01,1,6.340231251667356,6.083573846637115,6.073284254387177,6.110998397865253,6.274689554920062
2022-01-01,3,6.47080880570976,6.083573846637115,6.052876310168534,6.071332857064692,6.2261792974413765
2022-01-01,6,6.532135241337345,6.083573846637115,6.022687753673649,5.959467729383386,6.16534005618557
2022-01-01,12,5.361407785430002,6.083573846637115,5.9638039639952,5.7368279877827755,5.861422768929256
2022-02-01,1,6.697066392432129,6.340231251667356,6.329491917681491,6.430926578896127,6.349908839848088
2022-02-01,3,6.573667064538174,6.340231251667356,6.3081857109484964,6.4323365998312605,6.334356236362464
2022-02-01,6,6.428546652772016,6.340231251667356,6.276652946309061,6.317690868751205,6.434423042740884
2022-02-01,12,5.067223809147062,6.340231251667356,6.215093055858655,6.069479283336928,5.98160265090734
2022-03-01,1,6.47080880570976,6.697066392432129,6.685931848580708,6.834497867126634,6.858877076283398
2022-03-01,3,6.993150157266438,6.697066392432129,6.663831874321766,6.86020531908668,6.939202874535142
2022-03-01,6,6.455044919773634,6.697066392432129,6.631100422896887,6.738371921509347,7.508700518467147
2022-03-01,12,4.3330268475854385,6.697066392432129,6.56711637594224,6.462755781350231,6.936135263493117
2022-04-01,1,6.573667064538174,6.47080880570976,6.4599123553286235,6.347507471409232,6.3621925175135265
2022-04-01,3,6.532135241337345,6.47080880570976,6.438291103045401,6.198196399674874,6.304902340352846
2022-04-01,6,6.261419287937881,6.47080880570976,6.4062838471674475,6.061015696604712,6.47195465821554
2022-04-01,12,4.37873180186045,6.47080880570976,6.343768750587733,5.829776596767412,5.638201903935479
2022-05-01,1,6.993150157266438,6.573667064538174,6.562696991635197,6.585343250946897,6.578417015130867
2022-05-01,3,6.428546652772016,6.573667064538174,6.540926602481991,6.537010875396811,6.810250998072694
2022-05-01,6,5.855653914611847,6.573667064538174,6.508691039744792,6.41067598673584,6.7921972453498025
2022-05-01,12,3.925400542614785,6.573667064538174,6.445703587556779,6.157660808617165,6.282708877596534
2022-06-01,1,6.532135241337345,6.993150157266438,6.981962828812849,7.156659136536505,7.2819146840385915
2022-06-01,3,6.455044919773634,6.993150157266438,6.959749194793122,7.19903275836404,7.851049366408658
2022-06-01,6,5.373080221564972,6.993150157266438,6.926827444404954,7.075135872640741,7.742397257723583
2022-06-01,12,3.231733708559348,6.993150157266438,6.86239417701723,6.782632813748216,7.437557115115001
2022-07-01,1,6.428546652772016,6.532135241337345,6.5211528280039825,6.308552052109913,6.422246008793335
2022-07-01,3,6.261419287937881,6.532135241337345,6.499359952669448,6.095722735662533,6.407862038367972
2022-07-01,6,5.361407785430002,6.532135241337345,6.4670960387477185,5.943925060572415,5.973704773714363
2022-07-01,12,3.3522220936896265,6.532135241337345,6.404070544837857,5.717554582807285,5.119836970159417
2022-08-01,1,6.455044919773634,6.428546652772016,6.417736585421517,6.34940998201857,6.595951665646198
2022-08-01,3,5.855653914611847,6.428546652772016,6.396288164098898,6.240441866732563,6.1978739037942345
2022-08-01,6,5.067223809147062,6.428546652772016,6.364540277598587,6.1093406227323275,5.833639779314059
2022-08-01,12,3.374478528151472,6.428546652772016,6.302544110859997,5.874860527966373,5.2935062897348315
2022-09-01,1,6.261419287937881,6.455044919773634,6.444240188821026,6.441621187221081,6.213795353285365
2022-09-01,3,5.373080221564972,6.455044919773634,6.4228013993047774,6.37440473934921,5.832879547438915
2022-09-01,6,4.3330268475854385,6.455044919773634,6.39106541063686,6.249803590556444,5.058560936766978
2022-09-01,12,3.390751565240984,6.455044919773634,6.3290841990677755,6.007611313371824,4.832940182042415
2022-10-01,1,5.855653914611847,6.261419287937881,6.25094811158655,6.153213644433412,6.033221667611668
2022-10-01,3,5.361407785430002,6.261419287937881,6.230175722711688,6.024735798762655,5.7910314522768624
2022-10-01,6,4.37873180186045,6.261419287937881,6.199437459295789,5.895066422381172,5.277823847702772
2022-10-01,12,2.978461878685477,6.261419287937881,6.139444281103668,5.675343394702063,4.92943820195392
2022-11-01,1,5.373080221564972,5.855653914611847,5.846077345080225,5.653395162796864,5.654525338478748
2022-11-01,3,5.067223809147062,5.855653914611847,5.827088097355056,5.468106310575559,5.294560710550696
2022-11-01,6,3.925400542614785,5.855653914611847,5.799009288340153,5.341284308652571,4.653418638016545
2022-11-01,12,2.727551790588455,5.855653914611847,5.744279625281456,5.16101930074122,4.397844401773919
2022-12-01,1,5.361407785430002,5.373080221564972,5.3649764531640365,5.1363727586856776,5.085810329857595
2022-12-01,3,4.3330268475854385,5.373080221564972,5.348914994938979,4.935657074306699,4.2791650198714075
2022-12-01,6,3.231733708559348,5.373080221564972,5.325183624151732,4.822910969554488,3.290335763764495
2022-12-01,12,2.729669070936404,5.373080221564972,5.27899143262688,4.683613176589501,3.549037574928409
2023-01-01,1,5.067223809147062,5.361407785430002,5.353365548100886,5.33327628541756,5.224833225863565
2023-01-01,3,4.37873180186045,5.361407785430002,5.337426087980689,5.274451426689859,4.823639791385504
2023-01-01,6,3.3522220936896265,5.361407785430002,5.313875084806439,5.186955200951401,4.253206965839816
2023-01-01,12,2.6629773612156957,5.361407785430002,5.268034360342887,5.023617947076169,4.3449228489472675
2023-02-01,1,4.3330268475854385,5.067223809147062,5.06029948027686,4.922077903714205,4.50990601064375
2023-02-01,3,3.925400542614785,5.067223809147062,5.0465787697515285,4.788766986851681,4.302701761242545
2023-02-01,6,3.374478528151472,5.067223809147062,5.026313639766481,4.698280218159594,3.9717054895236767
2023-02-01,12,2.669117439772207,5.067223809147062,4.986895272350118,4.571890262709735,3.808683951164081
2023-03-01,1,4.37873180186045,4.3330268475854385,4.329311754107385,3.994759045528758,4.306978568498958
2023-03-01,3,3.231733708559348,4.3330268475854385,4.321953841135332,3.7397616688746744,3.2541818008254118
2023-03-01,6,3.390751565240984,4.3330268475854385,4.3110953183256715,3.649329120426737,3.507635428117038
2023-03-01,12,2.8858938294017724,4.3330268475854385,4.29000518594677,3.6089707836146925,3.3180107680706517
2023-04-01,1,3.925400542614785,4.37873180186045,4.374800197499661,4.37914602345268,4.114339454871888
2023-04-01,3,3.3522220936896265,4.37873180186045,4.36701331808249,4.348269120327439,3.6803970337494434
2023-04-01,6,2.978461878685477,4.37873180186045,4.355521357751407,4.300941207901915,3.475135027667375
2023-04-01,12,2.786955114237992,4.37873180186045,4.33319957688242,4.210961144141135,3.5193663062825644
2023-05-01,1,3.231733708559348,3.925400542614785,3.923729443404841,3.7168513639637184,3.098953678736956
2023-05-01,3,3.374478528151472,3.925400542614785,3.9204203178220727,3.559453769729457,3.380328785507212
2023-05-01,6,2.727551790588455,3.925400542614785,3.9155382230305076,3.5027322994743866,3.0576160198372575
2023-05-01,12,2.626866663630733,3.925400542614785,3.9060607273625614,3.4795490914122835,2.92866391046766
2023-06-01,1,3.3522220936896265,3.231733708559348,3.233738950456021,2.922598900053096,3.5584223172887333
2023-06-01,3,3.390751565240984,3.231733708559348,3.2377090435393567,2.6961037836350195,3.5262304518812475
2023-06-01,6,2.729669070936404,3.231733708559348,3.2435645593058946,2.645366453891065,3.511810036526782
2023-06-01,12,2.516443726818695,3.231733708559348,3.254925695623448,2.6992733354435825,3.423867563153536
2023-07-01,1,3.374478528151472,3.3522220936896265,3.353572042704332,3.3881995901298523,3.3002768018255453
2023-07-01,3,2.978461878685477,3.3522220936896265,3.356244749871716,3.3931088033604127,2.946293075779017
2023-07-01,6,2.6629773612156957,3.3522220936896265,3.3601867442266076,3.3943811124809793,2.752122264851313
2023-07-01,12,2.5612938009445685,3.3522220936896265,3.367835184708227,3.3887694758948976,2.821651581262079
2023-08-01,1,3.390751565240984,3.374478528151472,3.375706204869506,3.370420691607928,3.287766784771487
2023-08-01,3,2.727551790588455,3.374478528151472,3.378136832606201,3.3713564255496338,3.0672597619972968
2023-08-01,6,2.669117439772207,3.374478528151472,3.381721788072892,3.3699748435996435,2.8514043074024227
2023-08-01,12,2.3843422446827254,3.374478528151472,3.3886775051432285,3.3661644503381845,3.041211364820898
2023-09-01,1,2.978461878685477,3.390751565240984,3.391889529901544,3.3999854194805845,3.221140631070286
2023-09-01,3,2.729669070936404,3.390751565240984,3.394142542178868,3.405493459202901,3.399410910796561
2023-09-01,6,2.8858938294017724,3.390751565240984,3.397465535458913,3.4043385397907495,3.221707429902016
2023-09-01,12,2.2355898617914387,3.390751565240984,3.403912995574172,3.397491230772578,3.3105103679805667
2023-10-01,1,2.727551790588455,2.978461878685477,2.981837377847525,2.8029813425305687,2.886649737960592
2023-10-01,3,2.6629773612156957,2.978461878685477,2.988520232517207,2.6901664637690503,2.6756954925479857
2023-10-01,6,2.786955114237992,2.978461878685477,2.99837644301397,2.6772553614763286,2.5547171692032897
2023-10-01,12,2.44749551060906,2.978461878685477,3.017498602305047,2.7338515198882507,2.62399482269254
2023-11-01,1,2.729669070936404,2.727551790588455,2.732279875459939,2.6198469878555914,2.760649361491962
2023-11-01,3,2.669117439772207,2.727551790588455,2.7416408132395436,2.5474419180771686,2.2904454638094798
2023-11-01,6,2.626866663630733,2.727551790588455,2.7554473297388866,2.55462965299311,2.222714824286254
2023-11-01,12,2.5548864560950464,2.727551790588455,2.782235389394636,2.6253307213241643,2.2580431108573076
2023-12-01,1,2.6629773612156957,2.729669070936404,2.734379347179884,2.7254860329236963,2.36360638650962
2023-12-01,3,2.8858938294017724,2.729669070936404,2.743705030860858,2.729033173515251,2.30621453318604
2023-12-01,6,2.516443726818695,2.729669070936404,2.7574595617929147,2.754288356791356,2.0713175488081994
2023-12-01,12,2.6915454296161117,2.729669070936404,2.7841467947847205,2.809801115710411,2.2124779938724473
2024-01-01,1,2.669117439772207,2.6629773612156957,2.668038561625395,2.634882336222783,2.676435912847884
2024-01-01,3,2.786955114237992,2.6629773612156957,2.678059156074994,2.6302299520657595,2.6957374875652844
2024-01-01,6,2.5612938009445685,2.6629773612156957,2.692838937259223,2.655820758361513,2.88136315925817
2024-01-01,12,2.5739669409581363,2.6629773612156957,2.721516528848293,2.720199674492181,3.0658213556167127
2024-02-01,1,2.8858938294017724,2.669117439772207,2.6741388634131855,2.677176415406126,2.799669827376047
2024-02-01,3,2.626866663630733,2.669117439772207,2.6840807022241018,2.6948300431135324,2.749725555291054
2024-02-01,6,2.3843422446827254,2.669117439772207,2.6987443180812742,2.72549558379885,2.8187952310735347
2024-02-01,12,2.674401603240386,2.669117439772207,2.7271964921212617,2.784337886114351,2.988720011008134
2024-03-01,1,2.786955114237992,2.8858938294017724,2.8897431577557153,2.982967242940868,2.8094896406876724
2024-03-01,3,2.516443726818695,2.8858938294017724,2.897364054334613,3.0590911310116256,2.8772433400615625
2024-03-01,6,2.2355898617914387,2.8858938294017724,2.9086036110476465,3.0951032691524354,2.863301867791052
2024-03-01,12,2.332029256934039,2.8858938294017724,2.9304091816398574,3.1215417804798977,3.198647871180664
2024-04-01,1,2.626866663630733,2.786955114237992,2.7913351515849985,2.7510302652159178,2.861839675481793
2024-04-01,3,2.5612938009445685,2.786955114237992,2.8000068559207483,2.744141400429079,2.998284233571539
2024-04-01,6,2.44749551060906,2.786955114237992,2.8127964514189565,2.763805112349995,3.013299169706179
2024-04-01,12,2.251879788673148,2.786955114237992,2.8376101590898437,2.817381930453153,3.133563239070912
2024-05-01,1,2.516443726818695,2.626866663630733,2.6321022985410933,2.5672863611523895,2.4954148269133496
2024-05-01,3,2.3843422446827254,2.626866663630733,2.6424682088160663,2.538249656261725,2.528452787387188
2024-05-01,6,2.5548864560950464,2.626866663630733,2.6577572011355906,2.5591285153958503,2.722609929905662
2024-05-01,12,2.4283612526523974,2.626866663630733,2.687422447793524,2.6311002212980936,2.5206682516144325
2024-06-01,1,2.5612938009445685,2.516443726818695,2.5222602648280854,2.472305825795509,2.633440262651567
2024-06-01,3,2.2355898617914387,2.516443726818695,2.533776582705383,2.4549035497171907,2.376996227864471
2024-06-01,6,2.6915454296161117,2.516443726818695,2.550763061683846,2.483188094708357,2.8856548348167195
2024-06-01,12,2.56045184310627,2.516443726818695,2.5837244383432387,2.562993935423018,2.6782454956023507
2024-07-01,1,2.3843422446827254,2.5612938009445685,2.566864421148657,2.5834926327047913,2.4581957901682334
2024-07-01,3,2.44749551060906,2.5612938009445685,2.5778937284151286,2.611931905332029,2.4067293835326264
2024-07-01,6,2.5739669409581363,2.5612938009445685,2.594161596627818,2.6494158488902673,2.478533712459455
2024-07-01,12,2.5721812482314883,2.5612938009445685,2.6257275920054917,2.715698919178028,2.483287027117713
2024-08-01,1,2.2355898617914387,2.3843422446827254,2.3908407062827273,2.314012666316448,2.147353155700311
2024-08-01,3,2.5548864560950464,2.3843422446827254,2.4037076211447803,2.287343457025712,2.486092566168928
2024-08-01,6,2.674401603240386,2.3843422446827254,2.422687297863544,2.3182246051710726,2.2082883805577778
2024-08-01,12,2.7105512416058613,2.3843422446827254,2.4595201269600504,2.4129532001581504,2.301477569157929
2024-09-01,1,2.44749551060906,2.2355898617914387,2.2428514082863105,2.180176266838941,2.4114016226795894
2024-09-01,3,2.6915454296161117,2.2355898617914387,2.25722991082301,2.159992392344942,2.7414878892589973
2024-09-01,6,2.332029256934039,2.2355898617914387,2.278440976296581,2.1984196228930273,2.2354515754598
2024-09-01,12,2.7493004074015777,2.2355898617914387,2.3196100039744403,2.30484047676798,2.6202137610716036
2024-10-01,1,2.5548864560950464,2.44749551060906,2.453648543880828,2.542465494752692,2.687697342674068
2024-10-01,3,2.5739669409581363,2.44749551060906,2.465831193588747,2.6213556099219115,2.562181026415745
2024-10-01,6,2.251879788673148,2.44749551060906,2.4838007426596076,2.6757803366329163,2.2636093849900965
2024-10-01,12,2.676442126276537,2.44749551060906,2.518670537489951,2.7421903361008453,2.715111721592476
2024-11-01,1,2.6915454296161117,2.5548864560950464,2.5604625538159342,2.606784403132221,2.6079515687214094
2024-11-01,3,2.674401603240386,2.5548864560950464,2.5715025888914793,2.6651773631980205,2.228494370536713
2024-11-01,6,2.4283612526523974,2.5548864560950464,2.5877859922592097,2.7097870084351388,2.162430118069335
2024-11-01,12,2.781154688605535,2.5548864560950464,2.6193811282267196,2.7715080557572085,2.3379693874819196
2024-12-01,1,2.5739669409581363,2.6915454296161117,2.6963825383511435,2.7620730494543935,2.460520097641293
2024-12-01,3,2.332029256934039,2.6915454296161117,2.7059591551932956,2.8263845047297353,2.2006283600364944
2024-12-01,6,2.56045184310627,2.6915454296161117,2.7200833537448674,2.866874531081123,2.4018768333461153
2024-12-01,12,2.837444600374882,2.6915454296161117,2.7474863157503484,2.913767324712869,2.5848839848964036
2025-01-01,1,2.674401603240386,2.5739669409581363,2.579429681584196,2.533006556537644,2.535317176852423
2025-01-01,3,2.251879788673148,2.5739669409581363,2.590245193140364,2.5248326476183687,2.352816139720266
2025-01-01,6,2.5721812482314883,2.5739669409581363,2.6061972176163772,2.5523611690805,2.736584596734041
2025-01-01,12,2.83464978439742,2.5739669409581363,2.637148603764345,2.625142394270326,2.878478083624583
2025-02-01,1,2.332029256934039,2.674401603240386,2.679318490196591,2.7256574808663094,2.5956668024167526
2025-02-01,3,2.4283612526523974,2.674401603240386,2.689053065568914,2.7705708938245937,2.8348494110527733
2025-02-01,6,2.7105512416058613,2.674401603240386,2.703410260355754,2.807130707966061,3.1956931989156683
2025-02-01,12,2.8327267913942364,2.674401603240386,2.731265369485999,2.858503351453356,3.2351759036654495
2025-03-01,1,2.251879788673148,2.332029256934039,2.3387694634610003,2.1917609476019733,2.201592964518898
2025-03-01,3,2.56045184310627,2.332029256934039,2.3521148100001144,2.1194742066318017,2.4459519790892394
2025-03-01,6,2.7493004074015777,2.332029256934039,2.371799664449212,2.1415798901744836,2.619518513907872
2025-03-01,12,3.4816112044785443,2.332029256934039,2.4099990931218644,2.2497923316798683,2.506445001817526
2025-04-01,1,2.4283612526523974,2.251879788673148,2.259027701708826,2.2249877148798833,2.464382205478345
2025-04-01,3,2.5721812482314883,2.251879788673148,2.2731806885248496,2.219922426959379,2.6007604693201083
2025-04-01,6,2.676442126276537,2.251879788673148,2.2940578173830466,2.2614213884176584,2.676669774782924
2025-04-01,12,3.7313349390187875,2.251879788673148,2.3345743172612594,2.3618506389810694,2.7584885896041733
2025-05-01,1,2.56045184310627,2.4283612526523974,2.434577926128046,2.5049483849742793,2.477788957551284
2025-05-01,3,2.7105512416058613,2.4283612526523974,2.4468863096462132,2.574118871614294,2.6519666376844118
2025-05-01,6,2.781154688605535,2.4283612526523974,2.4650406535346376,2.626137198184196,2.730594240669576
2025-05-01,12,4.0291390093658634,2.4283612526523974,2.500266727555721,2.6956704978446604,2.6820078652076296
2025-06-01,1,2.5721812482314883,2.56045184310627,2.5659573857369162,2.6244291459568716,2.660929962898993
2025-06-01,3,2.7493004074015777,2.56045184310627,2.576857408709625,2.688891049326853,2.809236985986011
2025-06-01,6,2.837444600374882,2.56045184310627,2.5929335131349402,2.73403601262127,2.89009928695215
2025-06-01,12,3.6495566412359834,2.56045184310627,2.6241236709081988,2.792734377394039,2.9374872050352843
2025-07-01,1,2.7105512416058613,2.5721812482314883,2.577616286764575,2.5887129492288077,2.6613295456526327
2025-07-01,3,2.676442126276537,2.5721812482314883,2.588376707862904,2.619083337561978,2.6012197761941582
2025-07-01,6,2.83464978439742,2.5721812482314883,2.604246878635938,2.6556048136129626,2.571010183704626
2025-07-01,12,3.6343170471450366,2.5721812482314883,2.635037356332576,2.719880398484189,2.684348098385742
